,Brain,brain annotated,y.n.brain,Liver,Kidney,Serum,Brain_Liver,Brain_Kidney,Brain_Serum,Liver_Kidney,Liver_Serum,Kidney_Serum,Brain_Liver_Kidney,Brain_Liver_Serum,Brain_Kidney_Serum,Liver_Kidney_Serum,All
1,Ank2,T,y,Myh11,Myh9,Qsox1,NA,Itpr1,Ryr2,Ces1d,Ces1c,Myo18a,Uggt1,Mia3,Enpp2,C3,Lrp1
2,Lrp1b,F,n,Flnc,Myh10,Igkv4-63,NA,Itpr2,Ganab,Ces1e,Mug2,Ptprk,Ckap4,Reln,Fat1,Apob,Hsp90b1
3,Dctn1,F,n,Cyp2a4,Myh14,Ttn,NA,Itpr3,Ahnak,Gm20425,Mug1,Thbs1,Slc12a2,Alb,Poglut1,Ces1,Hspa5
4,Shank2,T,y,Cyp2a22,Lrp2,Dsg2,NA,Map4,Sparcl1,Asph,Tf,Ces2c,Stim2,A2m,L1cam,Plg,Hyou1
5,Shank1,T,y,Fmo3,Sptan1,Igkv4-58,NA,Serpinh1,Calu,Ces2g,Ces2a,Ces2b,Stim1,B4galnt1,Lamb1,Ces1f,Pdia3
6,Camk2b,T,y,Acly,Myo6,Igkv8-28,NA,Thsd7a,Clu,Hspa4l,Ces3a,Pkhd1,Canx,Ttr,Psap,C4b,P4hb
7,Camk2a,T,y,Acaa1b,Cubn,Acsbg2,NA,Pdia6,Itih3,Glul,Ces3b,Galnt7,Emc1,NA,Fgg,Ces2e,Pdia4
8,Fat2,T,y,Ugt2b5,Sptbn1,Mup2,NA,Pbxip1,Vcam1,Tgm2,Serpina1b,Serpina3n,Erlin2,NA,Sema4a,Kng1,Plxnb1
9,Baiap2,T,y,Ugt2a3,Pdzk1,P01728,NA,Abhd12,Oxt,Aadac,Bche,Met,Erlin1,NA,Erap1,Cp,Dnajc3
10,Gria2,T,y,Ugt2b1,Lmna,Ncor2,NA,Rpn1,Olfm1,Ctnnb1,Esd,Spint1,Ero1a,NA,Tfrc,Hrg,Nucb1
11,Gria1,T,y,Ugt2b36,P3h2,Slk,NA,Sun1,Fstl1,Hspg2,Gc,Gm20547,Mia2,NA,B4gat1,Serpinc1,Calr
12,Gria4,T,y,Ugt1a5,Itga6,Serpina3i,NA,Plxna1,Thbs4,Comt,Gm4788,Gas6,Cct8,NA,Slc38a10,Itih2,Prkcsh
13,Gria3,T,y,Rnh1,Ugt1a7c,Ccser2,NA,Pnpla6,NA,Ero1b,Hbb-b1,Igfbp7,Nomo1,NA,Tpp1,Cfh,Pzp
14,Grid2,T,y,Idh1,Ugt1a2,Gbf1,NA,App,NA,Man2a1,F2,B3GNT2,Rcn2,NA,NA,Cdh2,Igf2r
15,Anks1b,T,y,Uox,Ugt2b38,Togaram1,NA,Sun2,NA,Tmod3,Mbl2,Kng2,Suco,NA,NA,Cfi,Apoa1
16,Grm1,T,y,Ugp2,Egf,Igkv2-137,NA,Aplp2,NA,Ugt3a2,Pigr,Gpx3,Lrpap1,NA,NA,Itih1,Chid1
17,Grm5,T,y,Sult2a1,Katnal2,P01725,NA,Ncl,NA,Hsd11b1,F5,Cdh1,Dnajc10,NA,NA,Smoc1,Nenf
18,Ptprz1,T,y,Aacs,Mep1a,Casp8,NA,Srsf4,NA,Fam213a,Ecm1,Lpl,Nucb2,NA,NA,Col18a1,Erp44
19,Rpl4,F,n,Ppp2r1b,Galnt11,P01657,NA,Abca2,NA,Tnks1bp1,Itih4,Napsa,Prdx4,NA,NA,Emilin1,Hspa13
20,Cntn1,T,y,Anxa6,Crocc,Serpinb1a,NA,Fga,NA,Myl9,C8b,Sod3,Ppib,NA,NA,Mbl1,Lman1
21,Tnr,T,y,Stab2,Sorl1,Igkv4-59,NA,Cds2,NA,Lsr,Lcat,Grn,Manf,NA,NA,Man2b2,Ctsd
22,Rrbp1,F,n,Pla2g12b,St14,Adipoq,NA,Ccpg1,NA,Emc2,Apoh,Plod1,Pigk,NA,NA,C1rl,Plxnb2
23,Trpm3,T,y,Asgr1,Gcnt1,Igkv4-80,NA,Itgb8,NA,Dlg1,Klkb1,Txn,Itgb1,NA,NA,Plod3,Mttp
24,Rbmxl1,F,n,Fdft1,Mycbp2,P06330,NA,Capn2,NA,Col14a1,Masp2,Timp3,Pgrmc2,NA,NA,Manba,Apoe
25,Astn1,T,y,Stat5a,Itgb6,C1sa,NA,Tmpo,NA,Ctsh,Apoa5,Ptprg,Itgav,NA,NA,Mogs,Txndc5
26,Spock2,F,n,Ldlr,Ugt3a1,Colec11,NA,Pam,NA,D2hgdh,F7,Tcn2,Mesd,NA,NA,Igfbp4,Cnpy3
27,Bcan,T,y,Fabp1,Cyp4a14,Tpr,NA,Ace,NA,Tinagl1,Nrn1,Egfr,Dnajb11,NA,NA,Btd,Sil1
28,Phb2,F,n,Cth,Alpl,Dnah10,NA,Sema3b,NA,Grhpr,Agt,Gsn,Rcn1,NA,NA,B2m,Serpina3k
29,Acin1,F,n,Cfb,Rpn2,Samd9l,NA,Stt3b,NA,Vil1,Igfbp2,Nid1,Tmtc3,NA,NA,Retn,Pofut2
30,Slc1a2,T,y,Cap1,Pdia5,P01675,NA,Lama5,NA,Rnaset2a,Lifr,Habp2,Clptm1,NA,NA,Man2b1,Entpd5
31,Lmnb1,F,n,Golim4,Prom1,Cntn5,NA,Mlec,NA,Htatip2,C9,Ghr,Ccdc47,NA,NA,F13b,Efemp1
32,Pip5k1b,T,y,Dsc2,Galnt1,Igkv1-135,NA,Igsf8,NA,Coro7,A1bg,Tnxb,Erlec1,NA,NA,Galc,Apoa4
33,Srsf1,F,n,Ubap2l,Casr,Serpina6,NA,Gramd1b,NA,Gns,F11,Heph,M6pr,NA,NA,Bmp1,Notch2
34,Grm3,T,y,Upp2,Cyp51a1,Igkv6-15,NA,Pigt,NA,Tmed7,AI182371,Lamc1,Erp29,NA,NA,C8a,Pcyox1
35,Srp72,F,n,Emc10,Slc3a1,Igkv16-104,NA,Bcap29,NA,Naga,Masp1,Ext2,Pofut1,NA,NA,NA,Ctsa
36,Ddx46,F,n,C1s1,Fut8,P01631,NA,Fbn1,NA,Nsfl1c,Clec4f,Cpd,Clcc1,NA,NA,NA,Creld2
37,Lgi2,T,y,Inmt,Lrp6,Pdzd4,NA,Slit2,NA,Lipa,NA,Vasn,Os9,NA,NA,NA,Ctsz
38,Hnrnpc,F,n,Fam45a,Plau,Tfpi,NA,Igf1r,NA,Bsg,NA,Cgref1,Cnpy4,NA,NA,NA,Glce
39,Scg2,T,y,Yap1,Ngly1,Col6a5,NA,Prpf4b,NA,Emc7,NA,Pcsk5,Ttc17,NA,NA,NA,H6pd
40,Lgi4,T,y,Cox4i1,Cdh16,Csmd3,NA,Gaa,NA,Sdf2l1,NA,Fam20c,Nup210,NA,NA,NA,NA
41,Hist1h1e,F,n,Mtss1,Cgnl1,P01843,NA,Ltbp3,NA,Cstb,NA,Naglu,Zmpste24,NA,NA,NA,NA
42,Hist1h1d,F,n,Cpne3,Nceh1,Mertk,NA,Magt1,NA,Adpgk,NA,Extl2,P4ha1,NA,NA,NA,NA
43,Hist1h1c,F,n,Fas,Rdh16,Snw1,NA,Lemd3,NA,Ppt1,NA,Plxdc2,Sel1l,NA,NA,NA,NA
44,Hist1h1b,F,n,Msr1,Actn4,P01724,NA,Tor1b,NA,Tmed5,NA,F9,Emc8,NA,NA,NA,NA
45,Plxna4,T,y,Cox6b1,Actn1,Igkv8-16,NA,Gpc1,NA,Hgsnat,NA,Atrn,Por,NA,NA,NA,NA
46,Sfpq,F,n,Sult2a7,Glb1,Serpinf1,NA,Aebp1,NA,Sumf2,NA,Gcnt2,Lman2,NA,NA,NA,NA
47,Rpl6,F,n,Zscan20,Glb1l,Ighv6-7,NA,Gpaa1,NA,C1galt1,NA,B4galt1,Tmed10,NA,NA,NA,NA
48,Ppp2r5c,F,n,Mrc1,Ncln,C1qc,NA,Slc39a7,NA,Hmgcr,NA,Minpp1,Selenof,NA,NA,NA,NA
49,Fat3,T,y,Vnn3,Mme,Grid1,NA,Cyb5d2,NA,Pafah1b1,NA,Gnptg,Uggt2,NA,NA,NA,NA
50,Cacna2d1,T,y,Gpi,Atp1b1,Sbsn,NA,Dnajb14,NA,Mindy1,NA,Fras1,Txndc12,NA,NA,NA,NA
51,Phb,F,n,Synrg,Ggt1,F10,NA,Aqp4,NA,Dbn1,NA,Reck,Glg1,NA,NA,NA,NA
52,Cntnap1,T,y,Pla2g12a,Agrn,Igkv14-111,NA,Wfs1,NA,Eif2ak3,NA,Celsr2,Insr,NA,NA,NA,NA
53,Gabbr2,T,y,Tdrd3,Myl6,Cfd,NA,P4ha2,NA,Smap1,NA,Trio,Cnpy2,NA,NA,NA,NA
54,Ncan,T,y,Myo15b,Golga4,Pclo,NA,Sema4d,NA,Ogfod3,NA,Proc,Creld1,NA,NA,NA,NA
55,Gabbr1,T,y,Eepd1,Galnt3,Ighv1-53,NA,Itm2b,NA,Emc6,NA,Fam160a2,Tmed9,NA,NA,NA,NA
56,Rdx,T,y,Zcchc11,Ptprf,Jchain,NA,Steap3,NA,Itga1,NA,Ggh,Tmed4,NA,NA,NA,NA
57,Rpl23a,F,n,Cep350,Ptprd,Pdzrn3,NA,Luc7l3,NA,Tapbpl,NA,Adamtsl2,Eif4b,NA,NA,NA,NA
58,Chd4,F,n,Mkrn2,Folh1,Taok3,NA,Stt3a,NA,Arfip1,NA,Serpinf2,Fkbp7,NA,NA,NA,NA
59,Srsf6,F,n,Pon3,Umod,Ighv1-72,NA,Tmem131,NA,Hexb,NA,Igfbp3,Sgpl1,NA,NA,NA,NA
60,Nrxn1,T,y,Srcap,Enpep,Igkv12-46,NA,Pigs,NA,Ctsl,NA,Lama4,Colgalt1,NA,NA,NA,NA
61,Nrxn3,T,y,Ankrd11,Lgmn,Afm,NA,Dpy19l4,NA,Cdk5rap2,NA,Cpn1,Lman2l,NA,NA,NA,NA
62,Pcdhgc3,F,n,Gprin3,Ttc13,Ighv1-80,NA,Selenom,NA,Spire1,NA,NA,Tmx3,NA,NA,NA,NA
63,Fgb,F,n,Fsip2,Kl,Cpn2,NA,Vldlr,NA,Asah1,NA,NA,Apmap,NA,NA,NA,NA
64,Rbm39,F,n,Dguok,Adam10,Alpk1,NA,Mydgf,NA,Lgals3bp,NA,NA,Fkbp2,NA,NA,NA,NA
65,Cntnap2,T,y,Eml4,Ndrg1,Ighv10-1,NA,B3glct,NA,NA,NA,NA,Bcap31,NA,NA,NA,NA
66,Vcan,T,y,Ikbip,Tinag,Gm11639,NA,Nudt9,NA,NA,NA,NA,Emc3,NA,NA,NA,NA
67,Hapln1,F,n,Stxbp1,Sec63,C7,NA,Casc4,NA,NA,NA,NA,Spcs3,NA,NA,NA,NA
68,Brinp1,T,y,Kdm5d,Anpep,P03977,NA,Lrp4,NA,NA,NA,NA,Emc4,NA,NA,NA,NA
69,Gas7,T,y,Cd300lg,Tmem27,P03987,NA,Sec23ip,NA,NA,NA,NA,Ergic3,NA,NA,NA,NA
70,U2af1,F,n,Fam53b,Mgat3,Igkv3-7,NA,Mgrn1,NA,NA,NA,NA,Sumf1,NA,NA,NA,NA
71,Nptx1,T,y,Nr1d2,Scpep1,Ighv9-3,NA,Tmem229a,NA,NA,NA,NA,Selenot,NA,NA,NA,NA
72,Sorcs2,T,y,Cmya5,Top1mt,Ankrd1,NA,Fkbp10,NA,NA,NA,NA,Rcn3,NA,NA,NA,NA
73,Mta2,F,n,Osbpl1a,Dnajc16,Acadvl,NA,Ddost,NA,NA,NA,NA,Itgb5,NA,NA,NA,NA
74,Rbm25,F,n,Ccdc57,Kidins220,Mst1,NA,Fkbp9,NA,NA,NA,NA,Sec11a,NA,NA,NA,NA
75,Pcsk2,F,n,Ascc2,Slc5a2,Pkhd1l1,NA,St8sia1,NA,NA,NA,NA,NA,NA,NA,NA,NA
76,Prrc2a,F,n,Arap2,Npnt,Igha,NA,NA,NA,NA,NA,NA,NA,NA,NA,NA,NA
77,Cacna2d2,T,y,Ppp4r1,Gpc4,Serpina1e,NA,NA,NA,NA,NA,NA,NA,NA,NA,NA,NA
78,Tra2b,F,n,Bfsp2,Vwa5a,F8,NA,NA,NA,NA,NA,NA,NA,NA,NA,NA,NA
79,Psip1,F,n,Gle1,Ugt2b34,Gemin5,NA,NA,NA,NA,NA,NA,NA,NA,NA,NA,NA
80,Asphd2,F,n,NA,Neu1,Slc5a12,NA,NA,NA,NA,NA,NA,NA,NA,NA,NA,NA
81,Vgf,T,y,NA,Ppp2r2d,P01645,NA,NA,NA,NA,NA,NA,NA,NA,NA,NA,NA
82,Gramd1a,F,n,NA,Lad1,H2-Q4,NA,NA,NA,NA,NA,NA,NA,NA,NA,NA,NA
83,Rpl18,F,n,NA,9/11/21,Ighv6-3,NA,NA,NA,NA,NA,NA,NA,NA,NA,NA,NA
84,Nptxr,F,n,NA,H2-K1,Brd1,NA,NA,NA,NA,NA,NA,NA,NA,NA,NA,NA
85,Srsf2,F,n,NA,H2-D1,H2afz,NA,NA,NA,NA,NA,NA,NA,NA,NA,NA,NA
86,Raly,F,n,NA,BC017158,Plekhh2,NA,NA,NA,NA,NA,NA,NA,NA,NA,NA,NA
87,U2af2,F,n,NA,Cwh43,Ighg2b,NA,NA,NA,NA,NA,NA,NA,NA,NA,NA,NA
88,Nlgn3,T,y,NA,P3h1,Igkv12-44,NA,NA,NA,NA,NA,NA,NA,NA,NA,NA,NA
89,Cntnap4,T,y,NA,Edem3,Igfbp6,NA,NA,NA,NA,NA,NA,NA,NA,NA,NA,NA
90,Tmx4,F,n,NA,Tmed2,Apoc1,NA,NA,NA,NA,NA,NA,NA,NA,NA,NA,NA
91,Ranbp9,F,n,NA,Tagln2,Chd9,NA,NA,NA,NA,NA,NA,NA,NA,NA,NA,NA
92,Mcu,F,n,NA,Mep1b,C1qb,NA,NA,NA,NA,NA,NA,NA,NA,NA,NA,NA
93,Itm2c,T,y,NA,Fam20b,Igkv8-19,NA,NA,NA,NA,NA,NA,NA,NA,NA,NA,NA
94,Rnps1,F,n,NA,Capn1,Igkv4-53,NA,NA,NA,NA,NA,NA,NA,NA,NA,NA,NA
95,Eef1d,F,n,NA,Uxs1,Cdh17,NA,NA,NA,NA,NA,NA,NA,NA,NA,NA,NA
96,Astn2,T,y,NA,Ahcyl2,Ighv1-22,NA,NA,NA,NA,NA,NA,NA,NA,NA,NA,NA
97,Atp6ap2,F,n,NA,St6galnac2,Apoa2,NA,NA,NA,NA,NA,NA,NA,NA,NA,NA,NA
98,Slc39a12,F,n,NA,Fuca2,Ighv5-9-1,NA,NA,NA,NA,NA,NA,NA,NA,NA,NA,NA
99,Pcdh17,F,n,NA,Crim1,P18524,NA,NA,NA,NA,NA,NA,NA,NA,NA,NA,NA
100,Sparc,F,n,NA,Ctsf,Igkv6-23,NA,NA,NA,NA,NA,NA,NA,NA,NA,NA,NA
101,Itih5,F,n,NA,Kcp,Lrrk2,NA,NA,NA,NA,NA,NA,NA,NA,NA,NA,NA
102,Cpe,F,n,NA,Galnt2,Igkv6-13,NA,NA,NA,NA,NA,NA,NA,NA,NA,NA,NA
103,Brinp2,T,y,NA,Galnt4,Casp8ap2,NA,NA,NA,NA,NA,NA,NA,NA,NA,NA,NA
104,Brinp3,T,y,NA,Afdn,Apoc4,NA,NA,NA,NA,NA,NA,NA,NA,NA,NA,NA
105,Csnk2b,F,n,NA,Atp9b,P01837,NA,NA,NA,NA,NA,NA,NA,NA,NA,NA,NA
106,Clstn1,T,y,NA,Scin,Iglc2,NA,NA,NA,NA,NA,NA,NA,NA,NA,NA,NA
107,Ptn,F,n,NA,Susd2,Ighv1-74,NA,NA,NA,NA,NA,NA,NA,NA,NA,NA,NA
108,Slc6a17,T,y,NA,Fut9,Cpsf3,NA,NA,NA,NA,NA,NA,NA,NA,NA,NA,NA
109,Alyref,F,n,NA,H2afy2,Mycl,NA,NA,NA,NA,NA,NA,NA,NA,NA,NA,NA
110,Prelp,F,n,NA,Abca13,Serpind1,NA,NA,NA,NA,NA,NA,NA,NA,NA,NA,NA
111,Ppig,F,n,NA,Cachd1,Itga2b,NA,NA,NA,NA,NA,NA,NA,NA,NA,NA,NA
112,Pigu,F,n,NA,Pm20d1,Cdh5,NA,NA,NA,NA,NA,NA,NA,NA,NA,NA,NA
113,Tnc,T,y,NA,Pigg,Cfp,NA,NA,NA,NA,NA,NA,NA,NA,NA,NA,NA
114,Arglu1,F,n,NA,Tmco3,Dnah11,NA,NA,NA,NA,NA,NA,NA,NA,NA,NA,NA
115,Adam23,F,n,NA,Eif4g1,Pi16,NA,NA,NA,NA,NA,NA,NA,NA,NA,NA,NA
116,Slc9a6,T,y,NA,Gas2,Ifnar2,NA,NA,NA,NA,NA,NA,NA,NA,NA,NA,NA
117,Nrcam,T,y,NA,Tmem260,Fetub,NA,NA,NA,NA,NA,NA,NA,NA,NA,NA,NA
118,Prr36,F,n,NA,Ca4,A11111,NA,NA,NA,NA,NA,NA,NA,NA,NA,NA,NA
119,Colec12,F,n,NA,Dnajb12,Eloa,NA,NA,NA,NA,NA,NA,NA,NA,NA,NA,NA
120,Galnt13,F,n,NA,Eogt,P01634,NA,NA,NA,NA,NA,NA,NA,NA,NA,NA,NA
121,Prex2,F,n,NA,Kiaa0319l,H2-Q6,NA,NA,NA,NA,NA,NA,NA,NA,NA,NA,NA
122,Ptprn,F,n,NA,Vnn1,Ighv2-9-1,NA,NA,NA,NA,NA,NA,NA,NA,NA,NA,NA
123,Asic1,T,y,NA,Lama3,Igkv4-57,NA,NA,NA,NA,NA,NA,NA,NA,NA,NA,NA
124,Vstm2l,T,y,NA,Dpysl2,Atf6b,NA,NA,NA,NA,NA,NA,NA,NA,NA,NA,NA
125,Washc2,F,n,NA,Mgat1,C5,NA,NA,NA,NA,NA,NA,NA,NA,NA,NA,NA
126,Selenon,F,n,NA,Lypla2,Dlgap4,NA,NA,NA,NA,NA,NA,NA,NA,NA,NA,NA
127,Sulf1,F,n,NA,Raf1,P01636,NA,NA,NA,NA,NA,NA,NA,NA,NA,NA,NA
128,Cplx2,T,y,NA,Ephb4,Igkv19-93,NA,NA,NA,NA,NA,NA,NA,NA,NA,NA,NA
129,Prpf40a,T,y,NA,Gm2a,Dnase2a,NA,NA,NA,NA,NA,NA,NA,NA,NA,NA,NA
130,Clgn,F,n,NA,Sfrp1,Ambp,NA,NA,NA,NA,NA,NA,NA,NA,NA,NA,NA
131,Tmem245,T,y,NA,Igbp1,Ighv7-1,NA,NA,NA,NA,NA,NA,NA,NA,NA,NA,NA
132,Wfikkn2,F,n,NA,Tm9sf4,Igkv6-25,NA,NA,NA,NA,NA,NA,NA,NA,NA,NA,NA
133,P4htm,F,n,NA,Arsb,Atf6,NA,NA,NA,NA,NA,NA,NA,NA,NA,NA,NA
134,Rras2,F,n,NA,Plbd2,Cfhr1,NA,NA,NA,NA,NA,NA,NA,NA,NA,NA,NA
135,Ralyl,F,n,NA,Map4k4,Ighv4-1,NA,NA,NA,NA,NA,NA,NA,NA,NA,NA,NA
136,Rnf41,F,n,NA,Ptpra,Gm5571,NA,NA,NA,NA,NA,NA,NA,NA,NA,NA,NA
137,Srsf11,F,n,NA,Adam17,Glycam1,NA,NA,NA,NA,NA,NA,NA,NA,NA,NA,NA
138,Chmp1a,F,n,NA,Cttn,Azgp1,NA,NA,NA,NA,NA,NA,NA,NA,NA,NA,NA
139,Asphd1,T,y,NA,Iscu,Ppbp,NA,NA,NA,NA,NA,NA,NA,NA,NA,NA,NA
140,Ncam2,T,y,NA,Man1a2,Cenpc,NA,NA,NA,NA,NA,NA,NA,NA,NA,NA,NA
141,Dtd1,T,y,NA,Dcakd,Neb,NA,NA,NA,NA,NA,NA,NA,NA,NA,NA,NA
142,Sbspon,F,n,NA,Kdelc2,Lipc,NA,NA,NA,NA,NA,NA,NA,NA,NA,NA,NA
143,Snrpd2,F,n,NA,Gsta1,Ccdc40,NA,NA,NA,NA,NA,NA,NA,NA,NA,NA,NA
144,Maea,T,y,NA,Ca15,Cd97,NA,NA,NA,NA,NA,NA,NA,NA,NA,NA,NA
145,Cbln3,T,y,NA,Cnnm2,Fcn1,NA,NA,NA,NA,NA,NA,NA,NA,NA,NA,NA
146,Dusp10,F,n,NA,Fam69a,Selenop,NA,NA,NA,NA,NA,NA,NA,NA,NA,NA,NA
147,Tp53bp1,F,n,NA,Clcnka,Dsg3,NA,NA,NA,NA,NA,NA,NA,NA,NA,NA,NA
148,Baz1b,F,n,NA,Vapa,Igkv5-39,NA,NA,NA,NA,NA,NA,NA,NA,NA,NA,NA
149,Elmod1,F,n,NA,Galnt14,Pgk1,NA,NA,NA,NA,NA,NA,NA,NA,NA,NA,NA
150,Lsamp,T,y,NA,C1galt1c1,Sri,NA,NA,NA,NA,NA,NA,NA,NA,NA,NA,NA
151,Sap18,F,n,NA,Ca14,P01660,NA,NA,NA,NA,NA,NA,NA,NA,NA,NA,NA
152,Epdr1,F,n,NA,Fnbp1l,Adgrf5,NA,NA,NA,NA,NA,NA,NA,NA,NA,NA,NA
153,Rnf112,T,y,NA,Sdf2,F12,NA,NA,NA,NA,NA,NA,NA,NA,NA,NA,NA
154,Eif2a,F,n,NA,Exoc8,C8g,NA,NA,NA,NA,NA,NA,NA,NA,NA,NA,NA
155,Dpp6,T,y,NA,As3mt,Ighv2-5,NA,NA,NA,NA,NA,NA,NA,NA,NA,NA,NA
156,Ecel1,F,n,NA,Ntn1,Srl,NA,NA,NA,NA,NA,NA,NA,NA,NA,NA,NA
157,Bicd2,F,n,NA,Kdelc1,Serpina10,NA,NA,NA,NA,NA,NA,NA,NA,NA,NA,NA
158,Clstn3,T,y,NA,Pfas,Igkv12-89,NA,NA,NA,NA,NA,NA,NA,NA,NA,NA,NA
159,Smchd1,F,n,NA,Nectin3,Hgfac,NA,NA,NA,NA,NA,NA,NA,NA,NA,NA,NA
160,C1qbp,F,n,NA,Tmppe,Dchs2,NA,NA,NA,NA,NA,NA,NA,NA,NA,NA,NA
161,Cntnap5a,T,y,NA,Tor1aip1,Ighm,NA,NA,NA,NA,NA,NA,NA,NA,NA,NA,NA
162,Col12a1,F,n,NA,Enpp1,Igkv13-84,NA,NA,NA,NA,NA,NA,NA,NA,NA,NA,NA
163,Scn1b,T,y,NA,Myl12a,Ckap5,NA,NA,NA,NA,NA,NA,NA,NA,NA,NA,NA
164,Mcrip1,F,n,NA,Ctbs,Flt4,NA,NA,NA,NA,NA,NA,NA,NA,NA,NA,NA
165,Acan,F,n,NA,Col4a5,Ighv6-6,NA,NA,NA,NA,NA,NA,NA,NA,NA,NA,NA
166,Cacybp,T,y,NA,Col4a1,Epb41l5,NA,NA,NA,NA,NA,NA,NA,NA,NA,NA,NA
167,Ndufa7,F,n,NA,Smpd1,P01662,NA,NA,NA,NA,NA,NA,NA,NA,NA,NA,NA
168,Syt11,T,y,NA,Ctsb,Hba-a1,NA,NA,NA,NA,NA,NA,NA,NA,NA,NA,NA
169,Gpcpd1,F,n,NA,Gmds,C6,NA,NA,NA,NA,NA,NA,NA,NA,NA,NA,NA
170,Lyst,F,n,NA,Amn,Igkv8-27,NA,NA,NA,NA,NA,NA,NA,NA,NA,NA,NA
171,Adam11,T,y,NA,Bcam,Ctla2a,NA,NA,NA,NA,NA,NA,NA,NA,NA,NA,NA
172,Magohb,F,n,NA,Tgfbr1,Ighv11-1,NA,NA,NA,NA,NA,NA,NA,NA,NA,NA,NA
173,NA,,,NA,Gpx6,Hamp,NA,NA,NA,NA,NA,NA,NA,NA,NA,NA,NA
174,NA,,,NA,Myorg,Saa4,NA,NA,NA,NA,NA,NA,NA,NA,NA,NA,NA
175,NA,,,NA,Lasp1,Gm7298,NA,NA,NA,NA,NA,NA,NA,NA,NA,NA,NA
176,NA,,,NA,Pxn,Psma1,NA,NA,NA,NA,NA,NA,NA,NA,NA,NA,NA
177,NA,,,NA,Herpud1,Serping1,NA,NA,NA,NA,NA,NA,NA,NA,NA,NA,NA
178,NA,,,NA,Skp1,Igkv4-55,NA,NA,NA,NA,NA,NA,NA,NA,NA,NA,NA
179,NA,,,NA,Ergic2,Ighv1-18,NA,NA,NA,NA,NA,NA,NA,NA,NA,NA,NA
180,NA,,,NA,Hpn,Igkv8-24,NA,NA,NA,NA,NA,NA,NA,NA,NA,NA,NA
181,NA,,,NA,Tapbp,Ica,NA,NA,NA,NA,NA,NA,NA,NA,NA,NA,NA
182,NA,,,NA,Cdh6,Fgf15,NA,NA,NA,NA,NA,NA,NA,NA,NA,NA,NA
183,NA,,,NA,Ifi204,Serpina3c,NA,NA,NA,NA,NA,NA,NA,NA,NA,NA,NA
184,NA,,,NA,Plvap,Serpina7,NA,NA,NA,NA,NA,NA,NA,NA,NA,NA,NA
185,NA,,,NA,Adam9,Cfhr2,NA,NA,NA,NA,NA,NA,NA,NA,NA,NA,NA
186,NA,,,NA,Impad1,Oaf,NA,NA,NA,NA,NA,NA,NA,NA,NA,NA,NA
187,NA,,,NA,Epcam,Ighg2c,NA,NA,NA,NA,NA,NA,NA,NA,NA,NA,NA
188,NA,,,NA,Spink1,Intu,NA,NA,NA,NA,NA,NA,NA,NA,NA,NA,NA
189,NA,,,NA,Pamr1,Cd5l,NA,NA,NA,NA,NA,NA,NA,NA,NA,NA,NA
190,NA,,,NA,Ddr1,Apcs,NA,NA,NA,NA,NA,NA,NA,NA,NA,NA,NA
191,NA,,,NA,Cald1,Igkv8-30,NA,NA,NA,NA,NA,NA,NA,NA,NA,NA,NA
192,NA,,,NA,Syne3,5830473C10Rik,NA,NA,NA,NA,NA,NA,NA,NA,NA,NA,NA
193,NA,,,NA,Tmem30a,Serpina1d,NA,NA,NA,NA,NA,NA,NA,NA,NA,NA,NA
194,NA,,,NA,Folr1,Ighe,NA,NA,NA,NA,NA,NA,NA,NA,NA,NA,NA
195,NA,,,NA,Edem2,Igf1,NA,NA,NA,NA,NA,NA,NA,NA,NA,NA,NA
196,NA,,,NA,Serpina1f,Ighv8-8,NA,NA,NA,NA,NA,NA,NA,NA,NA,NA,NA
197,NA,,,NA,Mgat2,Hydin,NA,NA,NA,NA,NA,NA,NA,NA,NA,NA,NA
198,NA,,,NA,Fbxo6,Pon1,NA,NA,NA,NA,NA,NA,NA,NA,NA,NA,NA
199,NA,,,NA,Ubr1,Clec3b,NA,NA,NA,NA,NA,NA,NA,NA,NA,NA,NA
200,NA,,,NA,Rae1,Comp,NA,NA,NA,NA,NA,NA,NA,NA,NA,NA,NA
201,NA,,,NA,Tor1a,Xylt2,NA,NA,NA,NA,NA,NA,NA,NA,NA,NA,NA
202,NA,,,NA,Mgst3,Ighv8-12,NA,NA,NA,NA,NA,NA,NA,NA,NA,NA,NA
203,NA,,,NA,Hs6st1,Krt13,NA,NA,NA,NA,NA,NA,NA,NA,NA,NA,NA
204,NA,,,NA,Slco1a6,Ighv1-82,NA,NA,NA,NA,NA,NA,NA,NA,NA,NA,NA
205,NA,,,NA,Spcs2,Ighv1-11,NA,NA,NA,NA,NA,NA,NA,NA,NA,NA,NA
206,NA,,,NA,Cadm4,Tgfbi,NA,NA,NA,NA,NA,NA,NA,NA,NA,NA,NA
207,NA,,,NA,Erbb3,Hbb-bs,NA,NA,NA,NA,NA,NA,NA,NA,NA,NA,NA
208,NA,,,NA,Ccdc134,Serpine2,NA,NA,NA,NA,NA,NA,NA,NA,NA,NA,NA
209,NA,,,NA,Gpt2,Hbb-b2,NA,NA,NA,NA,NA,NA,NA,NA,NA,NA,NA
210,NA,,,NA,Pcnt,Apoc3,NA,NA,NA,NA,NA,NA,NA,NA,NA,NA,NA
211,NA,,,NA,Prkar1a,Lrg1,NA,NA,NA,NA,NA,NA,NA,NA,NA,NA,NA
212,NA,,,NA,Cers2,Crp,NA,NA,NA,NA,NA,NA,NA,NA,NA,NA,NA
213,NA,,,NA,Camsap3,Hamp2,NA,NA,NA,NA,NA,NA,NA,NA,NA,NA,NA
214,NA,,,NA,Pcsk6,Amy1,NA,NA,NA,NA,NA,NA,NA,NA,NA,NA,NA
215,NA,,,NA,Npm1,Mstn,NA,NA,NA,NA,NA,NA,NA,NA,NA,NA,NA
216,NA,,,NA,Fbxo45,Angptl3,NA,NA,NA,NA,NA,NA,NA,NA,NA,NA,NA
217,NA,,,NA,Dmtn,Pygm,NA,NA,NA,NA,NA,NA,NA,NA,NA,NA,NA
218,NA,,,NA,Nox4,Prdx2,NA,NA,NA,NA,NA,NA,NA,NA,NA,NA,NA
219,NA,,,NA,Yipf3,H2-Q10,NA,NA,NA,NA,NA,NA,NA,NA,NA,NA,NA
220,NA,,,NA,Eif5,C1qa,NA,NA,NA,NA,NA,NA,NA,NA,NA,NA,NA
221,NA,,,NA,Lamb2,C1ra,NA,NA,NA,NA,NA,NA,NA,NA,NA,NA,NA
222,NA,,,NA,Hexa,Cpb2,NA,NA,NA,NA,NA,NA,NA,NA,NA,NA,NA
223,NA,,,NA,Ergic1,Pros1,NA,NA,NA,NA,NA,NA,NA,NA,NA,NA,NA
224,NA,,,NA,Cdhr5,Ahsg,NA,NA,NA,NA,NA,NA,NA,NA,NA,NA,NA
225,NA,,,NA,Thrap3,Tubb1,NA,NA,NA,NA,NA,NA,NA,NA,NA,NA,NA
226,NA,,,NA,Stard5,Mmp3,NA,NA,NA,NA,NA,NA,NA,NA,NA,NA,NA
227,NA,,,NA,Ace2,Pfkp,NA,NA,NA,NA,NA,NA,NA,NA,NA,NA,NA
228,NA,,,NA,Arhgap35,Orm2,NA,NA,NA,NA,NA,NA,NA,NA,NA,NA,NA
229,NA,,,NA,Soat1,Col6a1,NA,NA,NA,NA,NA,NA,NA,NA,NA,NA,NA
230,NA,,,NA,Tmem259,A2M,NA,NA,NA,NA,NA,NA,NA,NA,NA,NA,NA
231,NA,,,NA,Lnpep,Rbp4,NA,NA,NA,NA,NA,NA,NA,NA,NA,NA,NA
232,NA,,,NA,Stx7,P10404,NA,NA,NA,NA,NA,NA,NA,NA,NA,NA,NA
233,NA,,,NA,Spryd3,Mthfd1,NA,NA,NA,NA,NA,NA,NA,NA,NA,NA,NA
234,NA,,,NA,Ush1c,Orm1,NA,NA,NA,NA,NA,NA,NA,NA,NA,NA,NA
235,NA,,,NA,Ror2,Muc16,NA,NA,NA,NA,NA,NA,NA,NA,NA,NA,NA
236,NA,,,NA,Slc1a1,Ighv7-3,NA,NA,NA,NA,NA,NA,NA,NA,NA,NA,NA
237,NA,,,NA,B3gat3,Ighg1,NA,NA,NA,NA,NA,NA,NA,NA,NA,NA,NA
238,NA,,,NA,Tmem59,Ext1,NA,NA,NA,NA,NA,NA,NA,NA,NA,NA,NA
239,NA,,,NA,Pcyt2,Ighv5-4,NA,NA,NA,NA,NA,NA,NA,NA,NA,NA,NA
240,NA,,,NA,Trip11,Igkv1-133,NA,NA,NA,NA,NA,NA,NA,NA,NA,NA,NA
241,NA,,,NA,Creg1,Hpx,NA,NA,NA,NA,NA,NA,NA,NA,NA,NA,NA
242,NA,,,NA,Mtfr1l,Ighv1-39,NA,NA,NA,NA,NA,NA,NA,NA,NA,NA,NA
243,NA,,,NA,Fkbp8,Iglc3,NA,NA,NA,NA,NA,NA,NA,NA,NA,NA,NA
244,NA,,,NA,Tmtc4,Igkv9-124,NA,NA,NA,NA,NA,NA,NA,NA,NA,NA,NA
245,NA,,,NA,Fkbp11,Gp1ba,NA,NA,NA,NA,NA,NA,NA,NA,NA,NA,NA
246,NA,,,NA,Srrm2,Fgl1,NA,NA,NA,NA,NA,NA,NA,NA,NA,NA,NA
247,NA,,,NA,Pnpla7,Proz,NA,NA,NA,NA,NA,NA,NA,NA,NA,NA,NA
248,NA,,,NA,Prcp,N4bp1,NA,NA,NA,NA,NA,NA,NA,NA,NA,NA,NA
249,NA,,,NA,Smpd2,Afg1l,NA,NA,NA,NA,NA,NA,NA,NA,NA,NA,NA
250,NA,,,NA,Rnf185,Ttll11,NA,NA,NA,NA,NA,NA,NA,NA,NA,NA,NA
251,NA,,,NA,Pon2,Capn10,NA,NA,NA,NA,NA,NA,NA,NA,NA,NA,NA
252,NA,,,NA,Nectin1,Man1a1,NA,NA,NA,NA,NA,NA,NA,NA,NA,NA,NA
253,NA,,,NA,Nphs1,Ptcd1,NA,NA,NA,NA,NA,NA,NA,NA,NA,NA,NA
254,NA,,,NA,St8sia6,Il1rap,NA,NA,NA,NA,NA,NA,NA,NA,NA,NA,NA
255,NA,,,NA,Aga,Apom,NA,NA,NA,NA,NA,NA,NA,NA,NA,NA,NA
256,NA,,,NA,Crtap,Hp,NA,NA,NA,NA,NA,NA,NA,NA,NA,NA,NA
257,NA,,,NA,Ktn1,Lbp,NA,NA,NA,NA,NA,NA,NA,NA,NA,NA,NA
258,NA,,,NA,Clint1,Pltp,NA,NA,NA,NA,NA,NA,NA,NA,NA,NA,NA
259,NA,,,NA,Tor3a,Wdr47,NA,NA,NA,NA,NA,NA,NA,NA,NA,NA,NA
260,NA,,,NA,Dnajb9,Krt71,NA,NA,NA,NA,NA,NA,NA,NA,NA,NA,NA
261,NA,,,NA,H2-Ab1,Ighv9-4,NA,NA,NA,NA,NA,NA,NA,NA,NA,NA,NA
262,NA,,,NA,Atp1b3,C2,NA,NA,NA,NA,NA,NA,NA,NA,NA,NA,NA
263,NA,,,NA,Ubiad1,Dnah14,NA,NA,NA,NA,NA,NA,NA,NA,NA,NA,NA
264,NA,,,NA,Ddx20,Pglyrp2,NA,NA,NA,NA,NA,NA,NA,NA,NA,NA,NA
265,NA,,,NA,Sytl4,Ighv1-7,NA,NA,NA,NA,NA,NA,NA,NA,NA,NA,NA
266,NA,,,NA,Ppic,Col6a3,NA,NA,NA,NA,NA,NA,NA,NA,NA,NA,NA
267,NA,,,NA,Enpp6,Tenm4,NA,NA,NA,NA,NA,NA,NA,NA,NA,NA,NA
268,NA,,,NA,Spag9,Ifi27l2b,NA,NA,NA,NA,NA,NA,NA,NA,NA,NA,NA
269,NA,,,NA,Mapt,P01878,NA,NA,NA,NA,NA,NA,NA,NA,NA,NA,NA
270,NA,,,NA,Cr1l,Srgn,NA,NA,NA,NA,NA,NA,NA,NA,NA,NA,NA
271,NA,,,NA,Fastkd5,Lum,NA,NA,NA,NA,NA,NA,NA,NA,NA,NA,NA
272,NA,,,NA,Set,Postn,NA,NA,NA,NA,NA,NA,NA,NA,NA,NA,NA
273,NA,,,NA,Rnf149,Prg4,NA,NA,NA,NA,NA,NA,NA,NA,NA,NA,NA
274,NA,,,NA,Htra1,Ighv1-81,NA,NA,NA,NA,NA,NA,NA,NA,NA,NA,NA
275,NA,,,NA,Dag1,Tgfb1,NA,NA,NA,NA,NA,NA,NA,NA,NA,NA,NA
276,NA,,,NA,B3gat2,CSN3,NA,NA,NA,NA,NA,NA,NA,NA,NA,NA,NA
277,NA,,,NA,Mgat5,Colec10,NA,NA,NA,NA,NA,NA,NA,NA,NA,NA,NA
278,NA,,,NA,Tmem106b,Lonp2,NA,NA,NA,NA,NA,NA,NA,NA,NA,NA,NA
279,NA,,,NA,Man1b1,LOC525947,NA,NA,NA,NA,NA,NA,NA,NA,NA,NA,NA
280,NA,,,NA,Sulf2,Gapdh,NA,NA,NA,NA,NA,NA,NA,NA,NA,NA,NA
281,NA,,,NA,Ca12,Ca2,NA,NA,NA,NA,NA,NA,NA,NA,NA,NA,NA
282,NA,,,NA,Map7,Nol6,NA,NA,NA,NA,NA,NA,NA,NA,NA,NA,NA
283,NA,,,NA,Slc13a3,Igkv6-17,NA,NA,NA,NA,NA,NA,NA,NA,NA,NA,NA
284,NA,,,NA,Tm7sf3,P18528,NA,NA,NA,NA,NA,NA,NA,NA,NA,NA,NA
285,NA,,,NA,Dgcr2,Kif13a,NA,NA,NA,NA,NA,NA,NA,NA,NA,NA,NA
286,NA,,,NA,Fbln7,Pcdha1,NA,NA,NA,NA,NA,NA,NA,NA,NA,NA,NA
287,NA,,,NA,Saraf,Ighv13-2,NA,NA,NA,NA,NA,NA,NA,NA,NA,NA,NA
288,NA,,,NA,Col4a3,P01798,NA,NA,NA,NA,NA,NA,NA,NA,NA,NA,NA
289,NA,,,NA,Wfdc15b,Loxl1,NA,NA,NA,NA,NA,NA,NA,NA,NA,NA,NA
290,NA,,,NA,P3h4,Col6a2,NA,NA,NA,NA,NA,NA,NA,NA,NA,NA,NA
291,NA,,,NA,B4galt3,Gpld1,NA,NA,NA,NA,NA,NA,NA,NA,NA,NA,NA
292,NA,,,NA,Pomgnt2,Angpt1,NA,NA,NA,NA,NA,NA,NA,NA,NA,NA,NA
293,NA,,,NA,Safb2,Fbln1,NA,NA,NA,NA,NA,NA,NA,NA,NA,NA,NA
294,NA,,,NA,Prom2,B3gntl1,NA,NA,NA,NA,NA,NA,NA,NA,NA,NA,NA
295,NA,,,NA,Slc5a6,Ighv5-16,NA,NA,NA,NA,NA,NA,NA,NA,NA,NA,NA
296,NA,,,NA,Emb,F13a1,NA,NA,NA,NA,NA,NA,NA,NA,NA,NA,NA
297,NA,,,NA,Wfdc2,Isg15,NA,NA,NA,NA,NA,NA,NA,NA,NA,NA,NA
298,NA,,,NA,Hdgf,Ighv2-2,NA,NA,NA,NA,NA,NA,NA,NA,NA,NA,NA
299,NA,,,NA,Gnaz,Mtcl1,NA,NA,NA,NA,NA,NA,NA,NA,NA,NA,NA
300,NA,,,NA,Mmgt1,C4bpa,NA,NA,NA,NA,NA,NA,NA,NA,NA,NA,NA
301,NA,,,NA,Abcd1,Gm10881,NA,NA,NA,NA,NA,NA,NA,NA,NA,NA,NA
302,NA,,,NA,Dhx40,Ighv1-78,NA,NA,NA,NA,NA,NA,NA,NA,NA,NA,NA
303,NA,,,NA,Npc2,Spata7,NA,NA,NA,NA,NA,NA,NA,NA,NA,NA,NA
304,NA,,,NA,Dhrs3,Vtn,NA,NA,NA,NA,NA,NA,NA,NA,NA,NA,NA
305,NA,,,NA,Dgat1,Rac2,NA,NA,NA,NA,NA,NA,NA,NA,NA,NA,NA
306,NA,,,NA,Fhod1,Chgb,NA,NA,NA,NA,NA,NA,NA,NA,NA,NA,NA
307,NA,,,NA,Scamp3,Ces1b,NA,NA,NA,NA,NA,NA,NA,NA,NA,NA,NA
308,NA,,,NA,Gpkow,Evi5,NA,NA,NA,NA,NA,NA,NA,NA,NA,NA,NA
309,NA,,,NA,Extl3,Pdgfra,NA,NA,NA,NA,NA,NA,NA,NA,NA,NA,NA
310,NA,,,NA,Pakap,Ebf4,NA,NA,NA,NA,NA,NA,NA,NA,NA,NA,NA
311,NA,,,NA,Tapt1,Pmel,NA,NA,NA,NA,NA,NA,NA,NA,NA,NA,NA
312,NA,,,NA,Cux1,Igkv14-126,NA,NA,NA,NA,NA,NA,NA,NA,NA,NA,NA
313,NA,,,NA,Igsf3,P01723,NA,NA,NA,NA,NA,NA,NA,NA,NA,NA,NA
314,NA,,,NA,Slc8a1,P03988,NA,NA,NA,NA,NA,NA,NA,NA,NA,NA,NA
315,NA,,,NA,Wwox,Pfkl,NA,NA,NA,NA,NA,NA,NA,NA,NA,NA,NA
316,NA,,,NA,Coa7,Icoslg,NA,NA,NA,NA,NA,NA,NA,NA,NA,NA,NA
317,NA,,,NA,Sema5a,Tuba4a,NA,NA,NA,NA,NA,NA,NA,NA,NA,NA,NA
318,NA,,,NA,Mtdh,Apc2,NA,NA,NA,NA,NA,NA,NA,NA,NA,NA,NA
319,NA,,,NA,Dpf2,Igfals,NA,NA,NA,NA,NA,NA,NA,NA,NA,NA,NA
320,NA,,,NA,Rps28,Tubb2b,NA,NA,NA,NA,NA,NA,NA,NA,NA,NA,NA
321,NA,,,NA,Ano6,Mmp19,NA,NA,NA,NA,NA,NA,NA,NA,NA,NA,NA
322,NA,,,NA,Ppip5k2,Serpina1a,NA,NA,NA,NA,NA,NA,NA,NA,NA,NA,NA
323,NA,,,NA,Smpdl3a,Ighv1-62-2,NA,NA,NA,NA,NA,NA,NA,NA,NA,NA,NA
324,NA,,,NA,Lamp2,A11112,NA,NA,NA,NA,NA,NA,NA,NA,NA,NA,NA
325,NA,,,NA,Scnn1a,Serpina3m,NA,NA,NA,NA,NA,NA,NA,NA,NA,NA,NA
326,NA,,,NA,Serpinb8,Ighv1-76,NA,NA,NA,NA,NA,NA,NA,NA,NA,NA,NA
327,NA,,,NA,Ptgs1,Fn1,NA,NA,NA,NA,NA,NA,NA,NA,NA,NA,NA
328,NA,,,NA,Lemd2,Ighv2-9,NA,NA,NA,NA,NA,NA,NA,NA,NA,NA,NA
329,NA,,,NA,Lmf2,Sox6,NA,NA,NA,NA,NA,NA,NA,NA,NA,NA,NA
330,NA,,,NA,Sdf4,P01655,NA,NA,NA,NA,NA,NA,NA,NA,NA,NA,NA
331,NA,,,NA,Snx33,Mmrn1,NA,NA,NA,NA,NA,NA,NA,NA,NA,NA,NA
332,NA,,,NA,St3gal6,Vwf,NA,NA,NA,NA,NA,NA,NA,NA,NA,NA,NA
333,NA,,,NA,Glb1l2,P01746,NA,NA,NA,NA,NA,NA,NA,NA,NA,NA,NA
334,NA,,,NA,Ntn4,Notch3,NA,NA,NA,NA,NA,NA,NA,NA,NA,NA,NA
335,NA,,,NA,Cd2ap,Mamdc2,NA,NA,NA,NA,NA,NA,NA,NA,NA,NA,NA
336,NA,,,NA,Dapk1,Ugt2b37,NA,NA,NA,NA,NA,NA,NA,NA,NA,NA,NA
337,NA,,,NA,Txndc11,Pf4,NA,NA,NA,NA,NA,NA,NA,NA,NA,NA,NA
338,NA,,,NA,Adamtsl4,Notch1,NA,NA,NA,NA,NA,NA,NA,NA,NA,NA,NA
339,NA,,,NA,Ift172,Chd5,NA,NA,NA,NA,NA,NA,NA,NA,NA,NA,NA
340,NA,,,NA,Tmem161b,4932415D10Rik,NA,NA,NA,NA,NA,NA,NA,NA,NA,NA,NA
341,NA,,,NA,Hyal2,CSN1S2,NA,NA,NA,NA,NA,NA,NA,NA,NA,NA,NA
342,NA,,,NA,Mmrn2,Tubb4b,NA,NA,NA,NA,NA,NA,NA,NA,NA,NA,NA
343,NA,,,NA,Yipf5,Pcsk9,NA,NA,NA,NA,NA,NA,NA,NA,NA,NA,NA
344,NA,,,NA,Selenok,Actg1,NA,NA,NA,NA,NA,NA,NA,NA,NA,NA,NA
345,NA,,,NA,G3bp1,Abi3bp,NA,NA,NA,NA,NA,NA,NA,NA,NA,NA,NA
346,NA,,,NA,Ncoa7,Adgrl4,NA,NA,NA,NA,NA,NA,NA,NA,NA,NA,NA
347,NA,,,NA,Tmem106a,Ltbp1,NA,NA,NA,NA,NA,NA,NA,NA,NA,NA,NA
348,NA,,,NA,Fcho2,P2ry14,NA,NA,NA,NA,NA,NA,NA,NA,NA,NA,NA
349,NA,,,NA,Fam151a,A2ML1,NA,NA,NA,NA,NA,NA,NA,NA,NA,NA,NA
350,NA,,,NA,Fxyd2,P01670,NA,NA,NA,NA,NA,NA,NA,NA,NA,NA,NA
351,NA,,,NA,Gnptab,Aldh9a1,NA,NA,NA,NA,NA,NA,NA,NA,NA,NA,NA
352,NA,,,NA,Fuca1,CSN1S1,NA,NA,NA,NA,NA,NA,NA,NA,NA,NA,NA
353,NA,,,NA,Galns,P01665,NA,NA,NA,NA,NA,NA,NA,NA,NA,NA,NA
354,NA,,,NA,C2cd2l,Ran,NA,NA,NA,NA,NA,NA,NA,NA,NA,NA,NA
355,NA,,,NA,Dnah8,Gp5,NA,NA,NA,NA,NA,NA,NA,NA,NA,NA,NA
356,NA,,,NA,Tpst2,Acta1,NA,NA,NA,NA,NA,NA,NA,NA,NA,NA,NA
357,NA,,,NA,Bcas3,Clec11a,NA,NA,NA,NA,NA,NA,NA,NA,NA,NA,NA
358,NA,,,NA,Sgta,Cat,NA,NA,NA,NA,NA,NA,NA,NA,NA,NA,NA
359,NA,,,NA,Cep68,Ldhc,NA,NA,NA,NA,NA,NA,NA,NA,NA,NA,NA
360,NA,,,NA,Furin,Igkv4-61,NA,NA,NA,NA,NA,NA,NA,NA,NA,NA,NA
361,NA,,,NA,Csrp1,Anxa1,NA,NA,NA,NA,NA,NA,NA,NA,NA,NA,NA
362,NA,,,NA,Shroom4,Hspa8,NA,NA,NA,NA,NA,NA,NA,NA,NA,NA,NA
363,NA,,,NA,Gm2075,Kntc1,NA,NA,NA,NA,NA,NA,NA,NA,NA,NA,NA
364,NA,,,NA,Lrrc19,Kcnb1,NA,NA,NA,NA,NA,NA,NA,NA,NA,NA,NA
365,NA,,,NA,Ppih,Vmn2r4,NA,NA,NA,NA,NA,NA,NA,NA,NA,NA,NA
366,NA,,,NA,Atrx,Huwe1,NA,NA,NA,NA,NA,NA,NA,NA,NA,NA,NA
367,NA,,,NA,Rab32,Pcbp1,NA,NA,NA,NA,NA,NA,NA,NA,NA,NA,NA
368,NA,,,NA,Slc7a5,Synpo,NA,NA,NA,NA,NA,NA,NA,NA,NA,NA,NA
369,NA,,,NA,Shroom2,Actb,NA,NA,NA,NA,NA,NA,NA,NA,NA,NA,NA
370,NA,,,NA,Zyx,Gpd1,NA,NA,NA,NA,NA,NA,NA,NA,NA,NA,NA
371,NA,,,NA,Nos3,Serpina1c,NA,NA,NA,NA,NA,NA,NA,NA,NA,NA,NA
372,NA,,,NA,Eif4h,Tsku,NA,NA,NA,NA,NA,NA,NA,NA,NA,NA,NA
373,NA,,,NA,Adra2b,Angptl6,NA,NA,NA,NA,NA,NA,NA,NA,NA,NA,NA
374,NA,,,NA,Gtf3c4,Pkm,NA,NA,NA,NA,NA,NA,NA,NA,NA,NA,NA
375,NA,,,NA,Isca2,Cerkl,NA,NA,NA,NA,NA,NA,NA,NA,NA,NA,NA
376,NA,,,NA,Ei24,Mns1,NA,NA,NA,NA,NA,NA,NA,NA,NA,NA,NA
377,NA,,,NA,Sema3c,Hnrnpa2b1,NA,NA,NA,NA,NA,NA,NA,NA,NA,NA,NA
378,NA,,,NA,Yipf6,Utp6,NA,NA,NA,NA,NA,NA,NA,NA,NA,NA,NA
379,NA,,,NA,Klk1,Efemp2,NA,NA,NA,NA,NA,NA,NA,NA,NA,NA,NA
380,NA,,,NA,Tmem65,Hsp90ab1,NA,NA,NA,NA,NA,NA,NA,NA,NA,NA,NA
381,NA,,,NA,Syne1,KRT15,NA,NA,NA,NA,NA,NA,NA,NA,NA,NA,NA
382,NA,,,NA,BC035947,C1qtnf3,NA,NA,NA,NA,NA,NA,NA,NA,NA,NA,NA
383,NA,,,NA,Slc16a12,Atp13a5,NA,NA,NA,NA,NA,NA,NA,NA,NA,NA,NA
384,NA,,,NA,Sdc4,Krt2,NA,NA,NA,NA,NA,NA,NA,NA,NA,NA,NA
385,NA,,,NA,Ppl,Adamts13,NA,NA,NA,NA,NA,NA,NA,NA,NA,NA,NA
386,NA,,,NA,Hmgb1,Mapkap1,NA,NA,NA,NA,NA,NA,NA,NA,NA,NA,NA
387,NA,,,NA,Adgra3,F1MI18,NA,NA,NA,NA,NA,NA,NA,NA,NA,NA,NA
388,NA,,,NA,Pcyox1l,Pla1a,NA,NA,NA,NA,NA,NA,NA,NA,NA,NA,NA
389,NA,,,NA,Fads1,Inhbc,NA,NA,NA,NA,NA,NA,NA,NA,NA,NA,NA
390,NA,,,NA,Dnase1,Pfkm,NA,NA,NA,NA,NA,NA,NA,NA,NA,NA,NA
391,NA,,,NA,Plod2,CSN2,NA,NA,NA,NA,NA,NA,NA,NA,NA,NA,NA
392,NA,,,NA,Dnah5,Atl3,NA,NA,NA,NA,NA,NA,NA,NA,NA,NA,NA
393,NA,,,NA,Ceacam2,Krt14,NA,NA,NA,NA,NA,NA,NA,NA,NA,NA,NA
394,NA,,,NA,Ndst1,G6pdx,NA,NA,NA,NA,NA,NA,NA,NA,NA,NA,NA
395,NA,,,NA,Cckar,Ighv14-1,NA,NA,NA,NA,NA,NA,NA,NA,NA,NA,NA
396,NA,,,NA,Ccdc28a,Vps13c,NA,NA,NA,NA,NA,NA,NA,NA,NA,NA,NA
397,NA,,,NA,Ptges,Tubb5,NA,NA,NA,NA,NA,NA,NA,NA,NA,NA,NA
398,NA,,,NA,Cst3,Acacb,NA,NA,NA,NA,NA,NA,NA,NA,NA,NA,NA
399,NA,,,NA,Nrp1,Tuba1b,NA,NA,NA,NA,NA,NA,NA,NA,NA,NA,NA
400,NA,,,NA,Fzd4,Acaca,NA,NA,NA,NA,NA,NA,NA,NA,NA,NA,NA
401,NA,,,NA,Adgrg1,Eef1a1,NA,NA,NA,NA,NA,NA,NA,NA,NA,NA,NA
402,NA,,,NA,Lin7c,Selenbp2,NA,NA,NA,NA,NA,NA,NA,NA,NA,NA,NA
403,NA,,,NA,Slc35a4,Pcx,NA,NA,NA,NA,NA,NA,NA,NA,NA,NA,NA
404,NA,,,NA,Dnajc12,B99907,NA,NA,NA,NA,NA,NA,NA,NA,NA,NA,NA
405,NA,,,NA,Tnfrsf21,Krt10,NA,NA,NA,NA,NA,NA,NA,NA,NA,NA,NA
406,NA,,,NA,Pdpk1,Krt80,NA,NA,NA,NA,NA,NA,NA,NA,NA,NA,NA
407,NA,,,NA,Spag1,Pcca,NA,NA,NA,NA,NA,NA,NA,NA,NA,NA,NA
408,NA,,,NA,Rnf135,Sbno2,NA,NA,NA,NA,NA,NA,NA,NA,NA,NA,NA
409,NA,,,NA,Trpm6,Bgn,NA,NA,NA,NA,NA,NA,NA,NA,NA,NA,NA
410,NA,,,NA,B3galt6,P22629,NA,NA,NA,NA,NA,NA,NA,NA,NA,NA,NA
411,NA,,,NA,Scube3,Rps27a,NA,NA,NA,NA,NA,NA,NA,NA,NA,NA,NA
412,NA,,,NA,Phf6,Vwce,NA,NA,NA,NA,NA,NA,NA,NA,NA,NA,NA
413,NA,,,NA,Prlr,LYZ,NA,NA,NA,NA,NA,NA,NA,NA,NA,NA,NA
414,NA,,,NA,Adgb,Gm2663,NA,NA,NA,NA,NA,NA,NA,NA,NA,NA,NA
415,NA,,,NA,Defb29,Ywhab,NA,NA,NA,NA,NA,NA,NA,NA,NA,NA,NA
416,NA,,,NA,Sos2,Q53532,NA,NA,NA,NA,NA,NA,NA,NA,NA,NA,NA
417,NA,,,NA,Galnt10,P00761,NA,NA,NA,NA,NA,NA,NA,NA,NA,NA,NA
418,NA,,,NA,Adam15,Spp2,NA,NA,NA,NA,NA,NA,NA,NA,NA,NA,NA
419,NA,,,NA,Gnl3,Dcn,NA,NA,NA,NA,NA,NA,NA,NA,NA,NA,NA
420,NA,,,NA,Camlg,P00760,NA,NA,NA,NA,NA,NA,NA,NA,NA,NA,NA
421,NA,,,NA,Abcc6,NA,NA,NA,NA,NA,NA,NA,NA,NA,NA,NA,NA
422,NA,,,NA,Ints11,NA,NA,NA,NA,NA,NA,NA,NA,NA,NA,NA,NA
423,NA,,,NA,Parp14,NA,NA,NA,NA,NA,NA,NA,NA,NA,NA,NA,NA
424,NA,,,NA,Fam3a,NA,NA,NA,NA,NA,NA,NA,NA,NA,NA,NA,NA
425,NA,,,NA,Lgr6,NA,NA,NA,NA,NA,NA,NA,NA,NA,NA,NA,NA
426,NA,,,NA,Man2a2,NA,NA,NA,NA,NA,NA,NA,NA,NA,NA,NA,NA
427,NA,,,NA,Fblim1,NA,NA,NA,NA,NA,NA,NA,NA,NA,NA,NA,NA
428,NA,,,NA,Pom121,NA,NA,NA,NA,NA,NA,NA,NA,NA,NA,NA,NA
429,NA,,,NA,Sema4b,NA,NA,NA,NA,NA,NA,NA,NA,NA,NA,NA,NA
430,NA,,,NA,Isyna1,NA,NA,NA,NA,NA,NA,NA,NA,NA,NA,NA,NA
431,NA,,,NA,Pigo,NA,NA,NA,NA,NA,NA,NA,NA,NA,NA,NA,NA
432,NA,,,NA,Sgsm2,NA,NA,NA,NA,NA,NA,NA,NA,NA,NA,NA,NA
433,NA,,,NA,Cutc,NA,NA,NA,NA,NA,NA,NA,NA,NA,NA,NA,NA
434,NA,,,NA,Dnajc1,NA,NA,NA,NA,NA,NA,NA,NA,NA,NA,NA,NA
435,NA,,,NA,Slc4a2,NA,NA,NA,NA,NA,NA,NA,NA,NA,NA,NA,NA
436,NA,,,NA,Twnk,NA,NA,NA,NA,NA,NA,NA,NA,NA,NA,NA,NA
437,NA,,,NA,Setx,NA,NA,NA,NA,NA,NA,NA,NA,NA,NA,NA,NA
438,NA,,,NA,Palld,NA,NA,NA,NA,NA,NA,NA,NA,NA,NA,NA,NA
439,NA,,,NA,Dicer1,NA,NA,NA,NA,NA,NA,NA,NA,NA,NA,NA,NA
440,NA,,,NA,Herc2,NA,NA,NA,NA,NA,NA,NA,NA,NA,NA,NA,NA
441,NA,,,NA,Paxip1,NA,NA,NA,NA,NA,NA,NA,NA,NA,NA,NA,NA
442,NA,,,NA,Entpd4,NA,NA,NA,NA,NA,NA,NA,NA,NA,NA,NA,NA
443,NA,,,NA,Rin3,NA,NA,NA,NA,NA,NA,NA,NA,NA,NA,NA,NA
444,NA,,,NA,Tdrp,NA,NA,NA,NA,NA,NA,NA,NA,NA,NA,NA,NA
445,NA,,,NA,Cav1,NA,NA,NA,NA,NA,NA,NA,NA,NA,NA,NA,NA
446,NA,,,NA,Srgap1,NA,NA,NA,NA,NA,NA,NA,NA,NA,NA,NA,NA
447,NA,,,NA,Scd3,NA,NA,NA,NA,NA,NA,NA,NA,NA,NA,NA,NA
448,NA,,,NA,Clcn7,NA,NA,NA,NA,NA,NA,NA,NA,NA,NA,NA,NA
449,NA,,,NA,Sowahb,NA,NA,NA,NA,NA,NA,NA,NA,NA,NA,NA,NA
450,NA,,,NA,Otud6b,NA,NA,NA,NA,NA,NA,NA,NA,NA,NA,NA,NA
451,NA,,,NA,Wls,NA,NA,NA,NA,NA,NA,NA,NA,NA,NA,NA,NA
452,NA,,,NA,Sipa1,NA,NA,NA,NA,NA,NA,NA,NA,NA,NA,NA,NA
453,NA,,,NA,Psmg1,NA,NA,NA,NA,NA,NA,NA,NA,NA,NA,NA,NA
454,NA,,,NA,Lrrfip2,NA,NA,NA,NA,NA,NA,NA,NA,NA,NA,NA,NA
455,NA,,,NA,Dync2li1,NA,NA,NA,NA,NA,NA,NA,NA,NA,NA,NA,NA
456,NA,,,NA,Slc7a6os,NA,NA,NA,NA,NA,NA,NA,NA,NA,NA,NA,NA