id,accession,GeneID,Gene_Symbol,Symbol_Original,PC_NC,Score (FPR0_20201130),Score (FPR10_20201130),selected as hit?,SignalP?
A0A0B4J1H6,A0A0B4J1H6,,,Igkv2-137,,9,9,Yes,CS pos: 20-21. AIG-DI. Pr: 0.8952
P16294,P16294,14071,F9,F9,PC,6,9,Yes,CS pos: 28-29. TEC-AV. Pr: 0.6286
P55284,P55284,12562,Cdh5,Cdh5,,6,9,Yes,CS pos: 24-25. AMA-GP. Pr: 0.8268
P01843,P01843,433053,LOC433053,,,6,9,Yes,
D3Z4E2,D3Z4E2,,,Nrn1,,5,9,Yes,
Q06770,Q06770,12401,Serpina6,Serpina6,PC,4,9,Yes,CS pos: 22-23. TQA-VT. Pr: 0.8380
A0A075B5U4,A0A075B5U4,,,Ighv1-18,,4,9,Yes,CS pos: 18-19. VLS-EV. Pr: 0.7834
Q80VA0-2,Q80VA0,108150,Galnt7,Galnt7,,4,9,Yes,
Q9WUU7,Q9WUU7,64138,Ctsz,Ctsz,,4,9,Yes,CS pos: 25-26. ARA-RL. Pr: 0.8809
Q61207,Q61207,19156,Psap,Psap,PC,3,9,Yes,CS pos: 16-17. ALT-SP. Pr: 0.5495
P16882-2,P16882,14600,Ghr,Ghr,PC,3,9,Yes,CS pos: 24-25. SEA-TP. Pr: 0.4723
P06684,P06684,15139,Hc,C5,PC,2,9,Yes,CS pos: 18-19. TWG-QE. Pr: 0.9879
Q921I1,Q921I1,22041,Trf,Tf,PC,2,9,Yes,CS pos: 19-20. CLA-VP. Pr: 0.9391
P21614,P21614,14473,Gc,Gc,PC,2,9,Yes,CS pos: 16-17. GHA-LE. Pr: 0.9321
P19221,P19221,14061,F2,F2,,2,9,Yes,CS pos: 24-25. VHS-QH. Pr: 0.8517
P08113,P08113,22027,Hsp90b1,Hsp90b1,PC,2,9,Yes,CS pos: 21-22. VRA-DD. Pr: 0.9172
Q8CG14,Q8CG14,50908,C1s1,C1sa,,2,9,Yes,CS pos: 15-16. FSA-EP. Pr: 0.4244
Q3U3V1,Q3U3V1,14058,F10,F10,PC,2,9,Yes,
P16301,P16301,16816,Lcat,Lcat,PC,2,9,Yes,CS pos: 24-25. ATP-FW. Pr: 0.5716
O35664-3,O35664,15976,Ifnar2,Ifnar2,PC,2,9,Yes,CS pos: 21-22. VSA-SL. Pr: 0.5864
E9Q8I0,E9Q8I0,12628,Cfh,Cfh,,1,9,Yes,CS pos: 36-37. CAA-ED. Pr: 0.6216
P06728,P06728,11808,Apoa4,Apoa4,PC,1,9,Yes,CS pos: 20-21. TRA-EV. Pr: 0.9632
Q61247,Q61247,18816,Serpinf2,Serpinf2,PC,1,9,Yes,CS pos: 27-28. VSA-VD. Pr: 0.4488
A0A075B5T2,A0A075B5T2,,,Ighv6-3,,1,9,Yes,CS pos: 19-20. VQS-EV. Pr: 0.9627
Q8CG16,Q8CG16,50909,C1ra,C1ra,,0,9,Yes,CS pos: 16-17. VEG-SI. Pr: 0.9868
O55111,O55111,13511,Dsg2,Dsg2,,0,9,Yes,CS pos: 28-29. GNG-LH. Pr: 0.9067
P01844,P01844,110786,Iglc2,Iglc2,,7,8,Yes,
P01751,P01751,619916,Ighv1-72,Ighv1-72,,7,8,Yes,
A0A075B5W3,A0A075B5W3,,,Ighv1-53,,7,8,Yes,CS pos: 19-20. VHS-QV. Pr: 0.9436
A0A075B5N7,A0A075B5N7,,,Igkv6-13,,6,8,Yes,
P22599,P22599,20701,Serpina1b,Serpina1b,PC,5,8,Yes,CS pos: 24-25. FLA-ED. Pr: 0.8191
A0A0B4J1H7,A0A0B4J1H7,,,Igkv1-135,,5,8,Yes,CS pos: 20-21. TNG-DV. Pr: 0.9818
P41317,P41317,17195,Mbl2,Mbl2,PC,4,8,Yes,CS pos: 18-19. VYA-ET. Pr: 0.8359
F6TQW2,F6TQW2,,,Ighg2c,,4,8,Yes,
Q9D154,Q9D154,66222,Serpinb1a,Serpinb1a,PC,4,8,Yes,
P14211,P14211,12317,Calr,Calr,,3,8,Yes,CS pos: 17-18. AAA-DP. Pr: 0.9185
O70165,O70165,14133,Fcna,Fcn1,PC,3,8,Yes,CS pos: 22-23. ALG-QE. Pr: 0.6248
Q03311,Q03311,12038,Bche,Bche,PC,3,8,Yes,CS pos: 29-30. SHT-EE. Pr: 0.5016
A0A0A6YXW6,A0A0A6YXW6,,,Igha,,3,8,Yes,
P46412,P46412,14778,Gpx3,Gpx3,PC,3,8,Yes,CS pos: 24-25. GRG-QE. Pr: 0.9644
Q9JJN5,Q9JJN5,93721,Cpn1,Cpn1,PC,3,8,Yes,CS pos: 20-21. VTP-VT. Pr: 0.3645
P07309,P07309,22139,Ttr,Ttr,PC,3,8,Yes,CS pos: 20-21. SEA-GP. Pr: 0.7597
P12399,P12399,13024,Ctla2a,Ctla2a,PC,3,8,Yes,CS pos: 28-29. MSA-AP. Pr: 0.7203
Q60994,Q60994,11450,Adipoq,Adipoq,PC,3,8,Yes,CS pos: 17-18. SHA-ED. Pr: 0.9769
Q9CYA0,Q9CYA0,76737,Creld2,Creld2,PC,3,8,Yes,CS pos: 22-23. AVA-SR. Pr: 0.8502
Q61702,Q61702,16424,Itih1,Itih1,PC,2,8,Yes,CS pos: 26-27. ALG-LA. Pr: 0.5603
Q01339,Q01339,11818,Apoh,Apoh,PC,2,8,Yes,CS pos: 19-20. AIA-GR. Pr: 0.8475
P33587,P33587,19123,Proc,Proc,PC,2,8,Yes,CS pos: 18-19. ISS-IP. Pr: 0.3793
Q9QXC1,Q9QXC1,59083,Fetub,Fetub,PC,2,8,Yes,CS pos: 18-19. CMA-RS. Pr: 0.8789
A0A075B5T3,A0A075B5T3,,,Ighv6-6,,2,8,Yes,CS pos: 19-20. VQS-EV. Pr: 0.9748
P52430,P52430,18979,Pon1,Pon1,PC,2,8,Yes,CS pos: 15-16. VLA-LY. Pr: 0.3311
Q6P069,Q6P069,109552,Sri,Sri,,2,8,Yes,
Q08761,Q08761,19128,Pros1,Pros1,PC,1,8,Yes,CS pos: 24-25. SET-NF. Pr: 0.4986
O08795-2,O08795,19089,Prkcsh,Prkcsh,,1,8,Yes,CS pos: 14-15. CWA-VE. Pr: 0.9414
A0A0A6YWI9,A0A0A6YWI9,,,Ighv1-11,,1,8,Yes,CS pos: 19-20. AYS-QI. Pr: 0.7523
E9Q414,E9Q414,238055,Apob,Apob,PC,0,8,Yes,CS pos: 27-28. VWA-QD. Pr: 0.9941
Q8K182,Q8K182,230558,C8a,C8a,PC,0,8,Yes,CS pos: 20-21. VTA-QE. Pr: 0.9492
P70274,P70274,20363,Selenop,Selenop,PC,0,8,Yes,CS pos: 19-20. GGA-ES. Pr: 0.4987
A0A140T8M5,A0A140T8M5,,,Igkv6-15,,5,7,Yes,CS pos: 20-21. VDG-DI. Pr: 0.9559
Q8QZR3,Q8QZR3,102022,Ces2a,Ces2a,,4,7,Yes,CS pos: 26-27. VHG-QD. Pr: 0.9857
P01631,P01631,16098,Igkv1-117,,,4,7,Yes,
P01645,P01645,,,,,4,7,Yes,
A0A075B5N4,A0A075B5N4,,,Igkv8-27,,3,7,Yes,
Q00623,Q00623,11806,Apoa1,Apoa1,PC,2,7,Yes,CS pos: 18-19. SQA-WH. Pr: 0.9763
P97298,P97298,20317,Serpinf1,Serpinf1,PC,2,7,Yes,CS pos: 19-20. GSS-QN. Pr: 0.6497
P01898,P01898,15007,H2-Q10,H2-Q10,,2,7,Yes,CS pos: 24-25. TQA-GS. Pr: 0.8789
Q9R097,Q9R097,20732,Spint1,Spint1,PC,2,7,Yes,CS pos: 29-30. TEA-EL. Pr: 0.5594
P11589,P11589,17841,Mup2,Mup2,PC,2,7,Yes,CS pos: 18-19. VHA-EE. Pr: 0.9768
Q8R357,Q8R357,56177,Olfm1,Olfm1,,2,7,Yes,
P98064,P98064,17174,Masp1,Masp1,PC,1,7,Yes,CS pos: 24-25. VSA-HT. Pr: 0.8855
Q9JHH6,Q9JHH6,56373,Cpb2,Cpb2,PC,1,7,Yes,CS pos: 21-22. GFA-FQ. Pr: 0.6594
P29533,P29533,22329,Vcam1,Vcam1,,1,7,Yes,CS pos: 24-25. SQA-FK. Pr: 0.8945
P01027,P01027,12266,C3,C3,PC,0,7,Yes,CS pos: 24-25. ALG-IP. Pr: 0.9422
B8JJN0,B8JJN0,,,Gm20547,,0,7,Yes,CS pos: 18-19. GLA-AL. Pr: 0.7033
A0A140T8M2,A0A140T8M2,,,Igkv12-44,,6,6,Yes,CS pos: 20-21. ARC-DI. Pr: 0.9368
P14847,P14847,12944,Crp,Crp,PC,6,6,Yes,CS pos: 19-20. TFG-HE. Pr: 0.8985
A0A075B677,A0A075B677,,,Igkv4-53,,6,6,Yes,
A0A0B4J1I1,A0A0B4J1I1,,,Igkv16-104,,6,6,Yes,CS pos: 20-21. AQC-DV. Pr: 0.8820
E9QNX4,E9QNX4,71481,Alpk1,Alpk1,,6,6,Yes,
Q64339,Q64339,100038882,Isg15,Isg15,PC,6,6,Yes,
A2AS37,A2AS37,98870,AI182371,AI182371,,5,6,Yes,CS pos: 26-27. SWG-QE. Pr: 0.9724
P11152,P11152,16956,Lpl,Lpl,PC,5,6,Yes,CS pos: 27-28. VAA-AD. Pr: 0.3832
A0A075B5N3,A0A075B5N3,,,Igkv8-28,,5,6,Yes,
Q62178,Q62178,20351,Sema4a,Sema4a,,5,6,Yes,CS pos: 32-33. ASG-TG. Pr: 0.6652
F8WJ05,F8WJ05,16424,Itih1,Itih1,,4,6,Yes,CS pos: 26-27. ALG-LA. Pr: 0.5669
Q8K0D2,Q8K0D2,226243,Habp2,Habp2,PC,4,6,Yes,CS pos: 23-24. VIG-LS. Pr: 0.6011
Q8BM72,Q8BM72,110920,Hspa13,Hspa13,,4,6,Yes,CS pos: 22-23. YLA-QQ. Pr: 0.3443
O54819,O54819,21788,Tfpi,Tfpi,PC,4,6,Yes,CS pos: 28-29. LNA-LS. Pr: 0.5198
Q4LDF6,Q4LDF6,545366,Cfhr2,Cfhr2,,3,6,Yes,CS pos: 23-24. AKG-EE. Pr: 0.8655
P39039,P39039,17194,Mbl1,Mbl1,PC,3,6,Yes,CS pos: 20-21. SSG-SQ. Pr: 0.3741
E9QN70,E9QN70,16777,Lamb1,Lamb1,,3,6,Yes,
Q8QZR4,Q8QZR4,102644,Oaf,Oaf,,3,6,Yes,CS pos: 36-37. VGA-GS. Pr: 0.4715
P01887,P01887,12010,B2m,B2m,PC,3,6,Yes,CS pos: 20-21. LYA-IQ. Pr: 0.8477
P10404,P10404,108168376,Gm46620,,,3,6,Yes,
P26262,P26262,16621,Klkb1,Klkb1,PC,2,6,Yes,CS pos: 23-24. CMT-QL. Pr: 0.1708
E9Q6D8,E9Q6D8,,,C6,,2,6,Yes,CS pos: 21-22. SEA-CF. Pr: 0.9964
P09103,P09103,18453,P4hb,P4hb,PC,2,6,Yes,CS pos: 19-20. VGA-DA. Pr: 0.7588
Q8VCU2,Q8VCU2,14756,Gpld1,Gpld1,,2,6,Yes,CS pos: 23-24. SSS-CG. Pr: 0.4085
Q9ESB3,Q9ESB3,94175,Hrg,Hrg,PC,2,6,Yes,CS pos: 18-19. SHA-LS. Pr: 0.9348
P00920,P00920,12349,Car2,Ca2,,2,6,Yes,
A11111,A11111,,,,,2,6,Yes,
P29699,P29699,11625,Ahsg,Ahsg,PC,2,6,Yes,CS pos: 18-19. CQS-AP. Pr: 0.9517
P01837,P01837,16071,Igkc,,,2,6,Yes,
P47877,P47877,16008,Igfbp2,Igfbp2,PC,2,6,Yes,CS pos: 34-35. VRA-EV. Pr: 0.7610
Q91Y47,Q91Y47,109821,F11,F11,PC,2,6,Yes,CS pos: 18-19. VSS-EC. Pr: 0.4317
O09159,O09159,17159,Man2b1,Man2b1,,2,6,Yes,CS pos: 49-50. ARA-AG. Pr: 0.7771
Q60805,Q60805,17289,Mertk,Mertk,,2,6,Yes,CS pos: 22-23. GTA-EK. Pr: 0.6501
P28665,P28665,17836,Mug1,Mug1,PC,1,6,Yes,CS pos: 27-28. LNG-DS. Pr: 0.3292
P32261,P32261,11905,Serpinc1,Serpinc1,PC,1,6,Yes,CS pos: 34-35. CHG-NP. Pr: 0.7891
Q61129,Q61129,12630,Cfi,Cfi,PC,1,6,Yes,CS pos: 18-19. SSS-RS. Pr: 0.5102
A0A0R4J038,A0A0R4J038,16644,Kng1,Kng1,,1,6,Yes,CS pos: 20-21. TQG-EE. Pr: 0.9172
P06683,P06683,12279,C9,C9,PC,1,6,Yes,CS pos: 20-21. VNA-QM. Pr: 0.9593
Q00897,Q00897,20703,Serpina1d,Serpina1d,PC,1,6,Yes,CS pos: 24-25. FLA-ED. Pr: 0.8407
P98064-2,P98064,17174,Masp1,Masp1,PC,1,6,Yes,CS pos: 24-25. VSA-HT. Pr: 0.8855
Q8R121,Q8R121,217847,Serpina10,Serpina10,PC,1,6,Yes,CS pos: 21-22. VTS-FN. Pr: 0.6406
Q07456,Q07456,11699,Ambp,Ambp,PC,1,6,Yes,CS pos: 19-20. SRA-DP. Pr: 0.7501
P98063,P98063,12153,Bmp1,Bmp1,PC,1,6,Yes,CS pos: 29-30. GRP-LD. Pr: 0.5822
G5E8Q8,G5E8Q8,224792,Adgrf5,Adgrf5,,1,6,Yes,CS pos: 21-22. SEA-AL. Pr: 0.5311
A0A075B5R5,A0A075B5R5,,,Ighv4-1,,1,6,Yes,CS pos: 18-19. VQC-EV. Pr: 0.9827
O08689,O08689,17700,Mstn,Mstn,PC,1,6,Yes,CS pos: 19-20. IAA-GP. Pr: 0.2577
Q61838,Q61838,11287,Pzp,Pzp,PC,0,6,Yes,CS pos: 24-25. ATT-AT. Pr: 0.3698
Q6S9I0,Q6S9I0,385643,Kng2,Kng2,,0,6,Yes,CS pos: 20-21. TQG-EE. Pr: 0.9193
G3X977,G3X977,16425,Itih2,Itih2,,0,6,Yes,CS pos: 22-23. AQA-FE. Pr: 0.9764
F8VQ07,F8VQ07,622307,Albfm1,5830473C10Rik,,0,6,Yes,CS pos: 20-21. CES-LQ. Pr: 0.2883
Q61730-2,Q61730,16180,Il1rap,Il1rap,PC,0,6,Yes,CS pos: 20-21. SHA-SE. Pr: 0.9026
Q9DBB9,Q9DBB9,71756,Cpn2,Cpn2,PC,0,6,Yes,CS pos: 21-22. TQP-CP. Pr: 0.7603
A0A0A6YVP0,A0A0A6YVP0,,,Ighg2b,,0,6,Yes,
Q91YW3,Q91YW3,100037258,Dnajc3,Dnajc3,,0,6,Yes,CS pos: 31-32. AEC-GV. Pr: 0.3354
Q8BI84,Q8BI84,338366,Mia3,Mia3,,0,6,Yes,CS pos: 24-25. GQS-DL. Pr: 0.7188
P06330,P06330,380820,IghmAC38.205.12,,,4,5,Yes,
A0A075B5U7,A0A075B5U7,,,Ighv1-22,,4,5,Yes,CS pos: 19-20. VLS-EV. Pr: 0.6143
Q9R182,Q9R182,30924,Angptl3,Angptl3,PC,4,5,Yes,CS pos: 16-17. VIA-SR. Pr: 0.4954
A0A075B697,A0A075B697,,,Ighv2-9-1,,4,5,Yes,CS pos: 19-20. ALS-QV. Pr: 0.6073
A0A075B5Q6,A0A075B5Q6,,,Ighv5-9-1,,3,5,Yes,CS pos: 18-19. VQC-DV. Pr: 0.9018
Q8VCU1,Q8VCU1,13909,Ces3b,Ces3b,,3,5,Yes,CS pos: 31-32. VTG-PK. Pr: 0.1726
A0A140T8N5,A0A140T8N5,,,Igkv6-23,,3,5,Yes,CS pos: 20-21. VEG-DI. Pr: 0.9779
Q8CAR0,Q8CAR0,16000,Igf1,Igf1,PC,3,5,Yes,CS pos: 32-33. TTA-GP. Pr: 0.6785
A0A0A6YXQ0,A0A0A6YXQ0,,,Ighv8-8,,3,5,Yes,CS pos: 19-20. VLS-QV. Pr: 0.6060
F8VQD7,F8VQD7,19270,Ptprg,Ptprg,,3,5,Yes,CS pos: 19-20. TSS-VL. Pr: 0.2478
A0A075B5K2,A0A075B5K2,,,Igkv9-124,,3,5,Yes,
P20918,P20918,18815,Plg,Plg,PC,2,5,Yes,CS pos: 19-20. GQG-DS. Pr: 0.9121
P49182,P49182,15160,Serpind1,Serpind1,,2,5,Yes,CS pos: 23-24. GLA-EQ. Pr: 0.6944
Q64726,Q64726,12007,Azgp1,Azgp1,PC,2,5,Yes,CS pos: 18-19. VFQ-ET. Pr: 0.2696
Q04857,Q04857,12833,Col6a1,Col6a1,PC,2,5,Yes,CS pos: 19-20. VAT-QD. Pr: 0.6045
A0A075B5R6,A0A075B5R6,,,Ighv11-1,,2,5,Yes,CS pos: 19-20. VQC-EV. Pr: 0.9657
A0A0B4J1J6,A0A0B4J1J6,,,Ighv10-1,,2,5,Yes,CS pos: 19-20. VHC-EV. Pr: 0.9584
E9PZD8,E9PZD8,12870,Cp,Cp,,1,5,Yes,CS pos: 19-20. ALA-RD. Pr: 0.8935
P07724,P07724,11657,Alb,Alb,PC,1,5,Yes,CS pos: 18-19. AFS-RG. Pr: 0.6691
P20029,P20029,14828,Hspa5,Hspa5,,1,5,Yes,CS pos: 19-20. VRA-EE. Pr: 0.9793
P42703,P42703,16880,Lifr,Lifr,PC,1,5,Yes,CS pos: 43-44. ANG-LK. Pr: 0.4433
D3YXF5,D3YXF5,109828,C7,C7,,1,5,Yes,CS pos: 22-23. SRA-SS. Pr: 0.6694
P70375,P70375,14068,F7,F7,PC,1,5,Yes,CS pos: 24-25. GTA-VF. Pr: 0.6603
P08607,P08607,12269,C4bp,C4bpa,PC,1,5,Yes,
P18242,P18242,13033,Ctsd,Ctsd,PC,1,5,Yes,CS pos: 20-21. SFA-II. Pr: 0.8573
P03953,P03953,11537,Cfd,Cfd,PC,1,5,Yes,CS pos: 20-21. CAA-QP. Pr: 0.5965
P31532,P31532,20211,Saa4,Saa4,PC,1,5,Yes,CS pos: 18-19. VSG-DG. Pr: 0.9156
A0A075B5S2,A0A075B5S2,,,Ighv7-1,,1,5,Yes,CS pos: 19-20. IQC-EV. Pr: 0.9303
Q8BYB9,Q8BYB9,224143,Poglut1,Poglut1,PC,1,5,Yes,CS pos: 23-24. VQG-RQ. Pr: 0.9569
O35887,O35887,12321,Calu,Calu,PC,1,5,Yes,CS pos: 19-20. ALS-KP. Pr: 0.6438
P01634,P01634,16114,Igk-V28,,,1,5,Yes,CS pos: 29-30. ADG-NI. Pr: 0.9356
O88783,O88783,14067,F5,F5,PC,0,5,Yes,CS pos: 22-23. GWG-SH. Pr: 0.3395
Q9DBD0,Q9DBD0,71775,1300017J02Rik,Ica,PC,0,5,Yes,CS pos: 19-20. CLA-LP. Pr: 0.8683
P29621,P29621,16625,Serpina3c,Serpina3c,PC,0,5,Yes,CS pos: 20-21. VLC-FP. Pr: 0.8939
Q91WP0,Q91WP0,17175,Masp2,Masp2,PC,0,5,Yes,CS pos: 19-20. LLG-SK. Pr: 0.6336
Q06890,Q06890,12759,Clu,Clu,PC,0,5,Yes,CS pos: 21-22. VLG-EQ. Pr: 0.9083
O89020,O89020,280662,Afm,Afm,PC,0,5,Yes,CS pos: 21-22. SLA-LP. Pr: 0.7858
Q9JKR6,Q9JKR6,12282,Hyou1,Hyou1,,0,5,Yes,CS pos: 30-31. ALS-DT. Pr: 0.4695
P23953,P23953,13884,Ces1c,Ces1c,,0,5,Yes,CS pos: 20-21. GHS-LL. Pr: 0.5087
Q8BK48,Q8BK48,234673,Ces2e,Ces2e,,0,5,Yes,CS pos: 26-27. VQG-QD. Pr: 0.8872
Q9CQF9,Q9CQF9,66881,Pcyox1,Pcyox1,,0,5,Yes,CS pos: 28-29. ASA-EP. Pr: 0.6167
Q8HWB2,Q8HWB2,15015,H2-Q4,H2-Q4,,0,5,Yes,CS pos: 21-22. IRA-AP. Pr: 0.7638
Q8VCG4,Q8VCG4,69379,C8g,C8g,PC,0,5,Yes,CS pos: 20-21. SLG-QR. Pr: 0.8276
P01592,P01592,16069,Jchain,Jchain,PC,0,5,Yes,CS pos: 22-23. VTG-DD. Pr: 0.5987
Q61406,Q61406,50702,Cfhr1,Cfhr1,,0,5,Yes,CS pos: 23-24. AKG-EV. Pr: 0.8443
Q9EQ21,Q9EQ21,84506,Hamp,Hamp,PC,0,5,Yes,CS pos: 23-24. SST-TY. Pr: 0.4185
Q8CF98,Q8CF98,239447,Colec10,Colec10,PC,0,5,Yes,CS pos: 27-28. SLG-LD. Pr: 0.8758
Q9D0F3,Q9D0F3,70361,Lman1,Lman1,,3,4,,CS pos: 32-33. SDG-TG. Pr: 0.3827
A8DUK4,A8DUK4,101488143,Hbb-bt,Hbb-bs,,3,4,,
O35930,O35930,14723,Gp1ba,Gp1ba,,3,4,,CS pos: 16-17. LHS-QH. Pr: 0.8861
Q7TSK7,Q7TSK7,77794,Adamtsl2,Adamtsl2,PC,3,4,,CS pos: 29-30. TEA-SD. Pr: 0.4793
P27656,P27656,15450,Lipc,Lipc,PC,3,4,,CS pos: 23-24. ACG-QG. Pr: 0.4371
Q91VB8,Q91VB8,15122,Hba-a1,Hba-a1,,3,4,,
A0A075B5Y4,A0A075B5Y4,,,Ighv1-81,,3,4,,CS pos: 19-20. VQS-QV. Pr: 0.7604
Q99P87,Q99P87,57264,Retn,Retn,PC,3,4,,CS pos: 22-23. GSS-MP. Pr: 0.6914
A0A140T8P5,A0A140T8P5,,,Igkv8-24,,3,4,,CS pos: 20-21. ACA-DI. Pr: 0.7496
Q9R0G6,Q9R0G6,12845,Comp,Comp,PC,3,4,,CS pos: 19-20. ATG-QG. Pr: 0.4787
P01639,P01639,,,Gm5571,,3,4,,CS pos: 22-23. TRC-DI. Pr: 0.9530
A0A0B4J1N0,A0A0B4J1N0,,,Ighv1-76,,3,4,,
P47880,P47880,16012,Igfbp6,Igfbp6,PC,3,4,,CS pos: 28-29. ALA-GC. Pr: 0.7095
Q00898,Q00898,20704,Serpina1e,Serpina1e,PC,2,4,,CS pos: 24-25. FLA-ED. Pr: 0.8279
Q19LI2,Q19LI2,117586,A1bg,A1bg,PC,2,4,,CS pos: 20-21. GNT-LM. Pr: 0.6981
P12246,P12246,20219,Apcs,Apcs,PC,2,4,,CS pos: 20-21. AFC-QT. Pr: 0.5415
P39876,P39876,21859,Timp3,Timp3,PC,2,4,,CS pos: 23-24. AEA-CT. Pr: 0.9355
Q07235,Q07235,20720,Serpine2,Serpine2,PC,2,4,,CS pos: 20-21. VHS-QF. Pr: 0.8619
A0A075B5R2,A0A075B5R2,,,Ighv7-3,,2,4,,CS pos: 19-20. IQC-EV. Pr: 0.9407
P34928,P34928,11812,Apoc1,Apoc1,PC,2,4,,CS pos: 26-27. AQA-AP. Pr: 0.7781
A0A140T8N3,A0A140T8N3,,,Igkv13-84,,2,4,,CS pos: 20-21. MIC-DI. Pr: 0.7461
A0A075B6D5,A0A075B6D5,,,Igkv19-93,,2,4,,CS pos: 19-20. AQC-DI. Pr: 0.8641
A0A075B5T7,A0A075B5T7,,,Ighv1-7,,2,4,,CS pos: 19-20. VHS-QV. Pr: 0.9416
A0A0B4J1I8,A0A0B4J1I8,,,Igkv4-59,,1,4,,CS pos: 22-23. SRG-QI. Pr: 0.7275
E9Q8B5,E9Q8B5,214403,Gm4788,Gm4788,,1,4,,CS pos: 23-24. AKG-EV. Pr: 0.7786
P01872,P01872,16019,Ighm,Ighm,PC,1,4,,
Q91X72,Q91X72,15458,Hpx,Hpx,PC,1,4,,CS pos: 23-24. AVA-SP. Pr: 0.7827
P97290,P97290,12258,Serping1,Serping1,PC,1,4,,CS pos: 22-23. AFS-DP. Pr: 0.8669
Q01279,Q01279,13649,Egfr,Egfr,,1,4,,CS pos: 24-25. GGA-LE. Pr: 0.4457
P11680,P11680,18636,Cfp,Cfp,PC,1,4,,CS pos: 22-23. ATG-SD. Pr: 0.4575
Q9CQW3,Q9CQW3,66901,Proz,Proz,PC,1,4,,CS pos: 22-23. VEL-SV. Pr: 0.3705
A0A0B4J1J7,A0A0B4J1J7,,,Ighv1-82,,1,4,,
A0A0B4J1H8,A0A0B4J1H8,,,Igkv1-133,,1,4,,CS pos: 20-21. TNG-DV. Pr: 0.9823
P18528,P18528,777688,Ighv5-4,,,1,4,,
D3Z450,D3Z450,628900,Serpina3i,Serpina3i,,0,4,,
P01029,P01029,12268,C4b,C4b,PC,0,4,,CS pos: 17-18. ASS-LQ. Pr: 0.4093
A0A0R4J0I1,A0A0R4J0I1,20714,Serpina3k,Serpina3k,,0,4,,CS pos: 21-22. VLC-FP. Pr: 0.8253
G3X8T9,G3X8T9,20716,Serpina3n,Serpina3n,,0,4,,CS pos: 20-21. VLC-FP. Pr: 0.8322
Q07968,Q07968,14060,F13b,F13b,PC,0,4,,CS pos: 21-22. LYA-EE. Pr: 0.9636
Q60841,Q60841,19699,Reln,Reln,PC,0,4,,CS pos: 26-27. ARA-AT. Pr: 0.9068
Q8BH35,Q8BH35,110382,C8b,C8b,PC,0,4,,CS pos: 31-32. SRG-GK. Pr: 0.4538
B2RPV6,B2RPV6,70945,Mmrn1,Mmrn1,PC,0,4,,CS pos: 23-24. TNT-QH. Pr: 0.3326
Q8BPB5,Q8BPB5,216616,Efemp1,Efemp1,PC,0,4,,CS pos: 17-18. VKS-QY. Pr: 0.8227
Q8BHN3-2,Q8BHN3,14376,Ganab,Ganab,,0,4,,CS pos: 32-33. TLA-VD. Pr: 0.3745
Q6GQT1,Q6GQT1,232345,A2m,A2m,PC,0,4,,CS pos: 30-31. TNA-SA. Pr: 0.7377
Q9R0E1,Q9R0E1,26433,Plod3,Plod3,PC,0,4,,CS pos: 27-28. TSA-SD. Pr: 0.4549
P00687,P00687,11722,Amy1,Amy1,PC,0,4,,CS pos: 15-16. CWA-QY. Pr: 0.9742
P45700,P45700,17155,Man1a,Man1a1,,0,4,,
Q63880,Q63880,382053,Ces3a,Ces3a,,0,4,,CS pos: 31-32. VIG-PK. Pr: 0.3574
Q8BND5,Q8BND5,104009,Qsox1,Qsox1,PC,0,4,,CS pos: 32-33. AYA-AR. Pr: 0.9520
Q8CJH3,Q8CJH3,235611,Plxnb1,Plxnb1,,0,4,,CS pos: 19-20. VVT-LR. Pr: 0.0977
G3UX19,G3UX19,,,Atf6b,,0,4,,
Q9QUM0,Q9QUM0,16399,Itga2b,Itga2b,,0,4,,CS pos: 31-32. VWA-LN. Pr: 0.6985
Q02596,Q02596,14663,Glycam1,Glycam1,,0,4,,CS pos: 18-19. SLA-LL. Pr: 0.7175
P09813,P09813,11807,Apoa2,Apoa2,PC,0,4,,CS pos: 18-19. LEG-AL. Pr: 0.6577
O09043,O09043,16541,Napsa,Napsa,PC,0,4,,CS pos: 21-22. EEA-KL. Pr: 0.4534
Q9EQI5,Q9EQI5,57349,Ppbp,Ppbp,PC,0,4,,CS pos: 39-40. TAG-KS. Pr: 0.5486
A2ASS6,A2ASS6,22138,Ttn,Ttn,,0,4,,
Q8BND5-3,Q8BND5,104009,Qsox1,Qsox1,PC,3,3,,CS pos: 32-33. AYA-AR. Pr: 0.9520
Q9Z1T2,Q9Z1T2,21828,Thbs4,Thbs4,PC,3,3,,CS pos: 26-27. TSA-QA. Pr: 0.6262
P97464,P97464,14042,Ext1,Ext1,,3,3,,
A0A140T8P6,A0A140T8P6,,,Igkv12-46,,3,3,,CS pos: 20-21. ARC-DI. Pr: 0.8196
P26618,P26618,18595,Pdgfra,Pdgfra,,3,3,,CS pos: 23-24. ISC-QL. Pr: 0.5925
P01728,P01728,110612,Iglv2,,,3,3,,CS pos: 19-20. ASS-QA. Pr: 0.4780
P09803,P09803,12550,Cdh1,Cdh1,,3,3,,CS pos: 22-23. WLC-QE. Pr: 0.4598
Q61592,Q61592,14456,Gas6,Gas6,PC,3,3,,CS pos: 27-28. SHT-VL. Pr: 0.5008
P79568,P79568,110557,H2-Q6,H2-Q6,,2,3,,CS pos: 21-22. TRA-GP. Pr: 0.9289
P02089,P02089,15130,Hbb-b2,Hbb-b2,,2,3,,
Q80YC5,Q80YC5,58992,F12,F12,PC,2,3,,CS pos: 19-20. TLS-AP. Pr: 0.9411
P14106,P14106,12260,C1qb,C1qb,PC,2,3,,CS pos: 25-26. SWA-QS. Pr: 0.8010
A0A075B5M7,A0A075B5M7,,,Igkv5-39,,2,3,,
A0A1Y7VJX7,A0A1Y7VJX7,,,Ighe,,2,3,,
A0A075B5M3,A0A075B5M3,,,Igkv4-58,,2,3,,
E9PV24,E9PV24,14161,Fga,Fga,PC,1,3,,CS pos: 19-20. VWT-TD. Pr: 0.8473
Q8BH61,Q8BH61,74145,F13a1,F13a1,PC,1,3,,
Q91WG0,Q91WG0,234671,Ces2c,Ces2c,,1,3,,CS pos: 26-27. VQG-QD. Pr: 0.9531
Q8CIT9,Q8CIT9,282619,Sbsn,Sbsn,PC,1,3,,CS pos: 23-24. ARA-AH. Pr: 0.8868
P43025,P43025,21922,Clec3b,Clec3b,PC,1,3,,CS pos: 21-22. LTA-ES. Pr: 0.7688
Q9R100,Q9R100,12557,Cdh17,Cdh17,,1,3,,CS pos: 21-22. GYG-EE. Pr: 0.8426
A0A087WPN7,A0A087WPN7,,,Ighv13-2,,1,3,,
Q9Z0L8,Q9Z0L8,14590,Ggh,Ggh,PC,1,3,,CS pos: 24-25. GMS-RP. Pr: 0.7385
P27046,P27046,17158,Man2a1,Man2a1,,1,3,,
A0A075B5R0,A0A075B5R0,,,Ighv5-16,,1,3,,CS pos: 18-19. VQC-EV. Pr: 0.8377
Q923X1,Q923X1,170757,Adgrl4,Adgrl4,,1,3,,CS pos: 19-20. SYT-QN. Pr: 0.7717
P28666,P28666,17837,Mug2,Mug2,PC,0,3,,CS pos: 24-25. ASS-LN. Pr: 0.7564
Q03734,Q03734,20717,Serpina3m,Serpina3m,PC,0,3,,CS pos: 20-21. VLC-FS. Pr: 0.7766
A0A0A0MQA3,A0A0A0MQA3,20700,Serpina1a,Serpina1a,,0,3,,
O08601-2,O08601,17777,Mttp,Mttp,PC,0,3,,CS pos: 16-17. SYS-AS. Pr: 0.4252
P26928,P26928,15235,Mst1,Mst1,PC,0,3,,CS pos: 18-19. ALG-QR. Pr: 0.8524
P08226,P08226,11816,Apoe,Apoe,PC,0,3,,CS pos: 18-19. CLA-EG. Pr: 0.7035
Q02819,Q02819,18220,Nucb1,Nucb1,PC,0,3,,CS pos: 25-26. VLA-VP. Pr: 0.6931
E0CZ58,E0CZ58,96875,Prg4,Prg4,,0,3,,CS pos: 24-25. VSS-QD. Pr: 0.9402
P05213,P05213,22143,Tuba1b,Tuba1b,NC,0,3,,
Q9EQH2,Q9EQH2,80898,Erap1,Erap1,,0,3,,CS pos: 20-21. SWC-QN. Pr: 0.9302
P82198,P82198,21810,Tgfbi,Tgfbi,PC,0,3,,CS pos: 23-24. TLA-GP. Pr: 0.8285
Q8CIF4,Q8CIF4,26363,Btd,Btd,PC,0,3,,CS pos: 25-26. SSA-SQ. Pr: 0.3315
Q60590,Q60590,18405,Orm1,Orm1,PC,0,3,,CS pos: 18-19. LEA-QN. Pr: 0.9514
O09164,O09164,20657,Sod3,Sod3,PC,0,3,,CS pos: 20-21. TMS-NP. Pr: 0.4785
Q8VC49,Q8VC49,217845,Ifi27l2b,Ifi27l2b,NC,0,3,,
Q9ET66,Q9ET66,74116,Pi16,Pi16,PC,0,3,,CS pos: 29-30. TTA-LT. Pr: 0.7515
P01869,P01869,16017,Ighg1,Ighg1,PC,0,3,,
P01845,P01845,110787,Iglc3,Iglc3,,0,3,,
Q80T19,Q80T19,66438,Hamp2,Hamp2,PC,0,3,,CS pos: 23-24. SST-TY. Pr: 0.4081
Q61646,Q61646,15439,Hp,Hp,PC,0,3,,CS pos: 18-19. LFA-VE. Pr: 0.6793
O35622,O35622,14170,Fgf15,Fgf15,PC,0,3,,CS pos: 25-26. VSG-RP. Pr: 0.4429
P01655,P01655,626583,Igkv3-2,,,0,3,,
O08807,O08807,53381,Prdx4,Prdx4,PC,0,3,,CS pos: 37-38. TES-LQ. Pr: 0.5588
Q9CQ45,Q9CQ45,66208,Nenf,Nenf,PC,0,3,,CS pos: 30-31. AWA-GQ. Pr: 0.9483
Q8K0E8,Q8K0E8,110135,Fgb,Fgb,PC,2,2,,CS pos: 19-20. TQA-AD. Pr: 0.9071
Q3UER8,Q3UER8,99571,Fgg,Fgg,,2,2,,CS pos: 25-26. GLA-YV. Pr: 0.9148
P02088,P02088,15129,Hbb-b1,Hbb-b1,,2,2,,
P98086,P98086,12259,C1qa,C1qa,PC,2,2,,CS pos: 22-23. TVA-ED. Pr: 0.7984
P01675,P01675,243451,Igkv4-86,,,2,2,,
Q61508,Q61508,13601,Ecm1,Ecm1,PC,1,2,,CS pos: 19-20. ASA-AS. Pr: 0.3623
Q3SXB8-2,Q3SXB8,71693,Colec11,Colec11,PC,1,2,,CS pos: 26-27. GCP-QQ. Pr: 0.3626
Q02105,Q02105,12262,C1qc,C1qc,PC,1,2,,CS pos: 29-30. SQA-SA. Pr: 0.5929
Q9Z0M6,Q9Z0M6,26364,Adgre5,Cd97,,1,2,,CS pos: 23-24. AGT-QK. Pr: 0.3237
A0A075B680,A0A075B680,,,Ighv1-62-2,,1,2,,
E9PVD2,E9PVD2,16427,Itih4,Itih4,,0,2,,CS pos: 28-29. TTA-EK. Pr: 0.6531
Q80YQ1,Q80YQ1,21825,Thbs1,Thbs1,,0,2,,CS pos: 18-19. CGS-NR. Pr: 0.7891
E9PUU8,E9PUU8,,,Pkhd1l1,,0,2,,CS pos: 20-21. CAA-DS. Pr: 0.5406
E9PWQ3,E9PWQ3,,,Col6a3,,0,2,,CS pos: 25-26. THA-QQ. Pr: 0.8864
P13020,P13020,227753,Gsn,Gsn,PC,0,2,,CS pos: 25-26. SHA-AT. Pr: 0.9307
A2A7A7,A2A7A7,100198,H6pd,H6pd,,0,2,,CS pos: 24-25. LQA-QE. Pr: 0.8847
Q9QWK4,Q9QWK4,11801,Cd5l,Cd5l,PC,0,2,,CS pos: 21-22. CFS-ES. Pr: 0.8445
Q61704,Q61704,16426,Itih3,Itih3,PC,0,2,,CS pos: 21-22. TSG-FP. Pr: 0.8892
P35917,P35917,14257,Flt4,Flt4,,0,2,,CS pos: 24-25. ANG-YS. Pr: 0.8768
Q06194,Q06194,14069,F8,F8,PC,0,2,,CS pos: 19-20. CSS-AI. Pr: 0.4491
P08730,P08730,16663,Krt13,Krt13,,0,2,,
Q9Z0Z4,Q9Z0Z4,15203,Heph,Heph,,0,2,,CS pos: 23-24. TDG-AI. Pr: 0.7465
Q8CG19,Q8CG19,268977,Ltbp1,Ltbp1,PC,0,2,,CS pos: 23-24. AHG-RV. Pr: 0.8375
P27773,P27773,14827,Pdia3,Pdia3,,0,2,,CS pos: 24-25. AAA-SD. Pr: 0.6527
Q3U9N4,Q3U9N4,14824,Grn,Grn,,0,2,,CS pos: 30-31. VAG-TQ. Pr: 0.7537
P47879,P47879,16010,Igfbp4,Igfbp4,PC,0,2,,CS pos: 21-22. SLG-DE. Pr: 0.9459
Q61805,Q61805,16803,Lbp,Lbp,PC,0,2,,CS pos: 25-26. TGG-VN. Pr: 0.5165
Q91WU0,Q91WU0,234564,Ces1f,Ces1f,,0,2,,CS pos: 17-18. VIC-GN. Pr: 0.4493
Q62009,Q62009,50706,Postn,Postn,PC,0,2,,CS pos: 23-24. ANA-NS. Pr: 0.9633
Q3TQC7,Q3TQC7,12499,Entpd5,Entpd5,,0,2,,
P04202,P04202,21803,Tgfb1,Tgfb1,PC,0,2,,CS pos: 29-30. AAG-LS. Pr: 0.6223
P51885,P51885,17022,Lum,Lum,PC,0,2,,CS pos: 18-19. VSG-QY. Pr: 0.9668
Q71KU9,Q71KU9,234199,Fgl1,Fgl1,PC,0,2,,CS pos: 22-23. GWA-LE. Pr: 0.9532
O88968,O88968,21452,Tcn2,Tcn2,PC,0,2,,CS pos: 18-19. ALA-EF. Pr: 0.9137
Q8VCS0,Q8VCS0,57757,Pglyrp2,Pglyrp2,PC,0,2,,CS pos: 22-23. GAA-SS. Pr: 0.6278
B2RXS4,B2RXS4,140570,Plxnb2,Plxnb2,,0,2,,CS pos: 19-20. GLS-LR. Pr: 0.5039
E9QPK1,E9QPK1,68567,Cgref1,Cgref1,,0,2,,
P11627,P11627,16728,L1cam,L1cam,,0,2,,CS pos: 19-20. CLL-IQ. Pr: 0.4896
Q61171,Q61171,21672,Prdx2,Prdx2,NC,0,2,,
E9QPU1,E9QPU1,22371,Vwf,Vwf,PC,0,2,,CS pos: 22-23. TLC-TE. Pr: 0.8736
Q8R0Z6,Q8R0Z6,70726,Angptl6,Angptl6,PC,0,2,,CS pos: 24-25. GGA-AR. Pr: 0.3539
A0A075B5K0,A0A075B5K0,,,Igkv14-126,,0,2,,CS pos: 22-23. IRC-DI. Pr: 0.9548
Q6T5E4,Q6T5E4,14538,Gcnt2,Gcnt2,,0,2,,
Q05144,Q05144,19354,Rac2,Rac2,,0,2,,
Q9D1Q6,Q9D1Q6,76299,Erp44,Erp44,,0,2,,CS pos: 29-30. ITA-EI. Pr: 0.6992
P15116,P15116,12558,Cdh2,Cdh2,,0,2,,CS pos: 25-26. VEA-SG. Pr: 0.8578
P08003,P08003,12304,Pdia4,Pdia4,,0,2,,CS pos: 24-25. ASA-GD. Pr: 0.4930
Q61268,Q61268,11425,Apoc4,Apoc4,PC,0,1,,CS pos: 32-33. TES-LS. Pr: 0.4318
A0A087WSN6,A0A087WSN6,14268,Fn1,Fn1,,0,1,,CS pos: 24-25. VRC-TE. Pr: 0.6827
E9Q4Z2,E9Q4Z2,100705,Acacb,Acacb,,0,1,,
P11499,P11499,15516,Hsp90ab1,Hsp90ab1,PC,0,1,,
P70389,P70389,16005,Igfals,Igfals,PC,0,1,,CS pos: 27-28. LQG-TD. Pr: 0.3173
O70570,O70570,18703,Pigr,Pigr,PC,0,1,,CS pos: 18-19. VST-KS. Pr: 0.8701
P29788,P29788,22370,Vtn,Vtn,PC,0,1,,CS pos: 19-20. SLA-DQ. Pr: 0.8368
Q9R1E6-2,Q9R1E6,18606,Enpp2,Enpp2,PC,0,1,,CS pos: 27-28. CLG-FT. Pr: 0.3400
P55065,P55065,18830,Pltp,Pltp,PC,0,1,,CS pos: 17-18. AHA-EL. Pr: 0.9744
Q9R098,Q9R098,54426,Hgfac,Hgfac,PC,0,1,,CS pos: 34-35. AQP-QA. Pr: 0.6064
P70663,P70663,13602,Sparcl1,Sparcl1,PC,0,1,,CS pos: 16-17. AVA-IP. Pr: 0.9081
Q9R0E2,Q9R0E2,18822,Plod1,Plod1,,0,1,,CS pos: 18-19. VQA-KD. Pr: 0.9701
O54782,O54782,17160,Man2b2,Man2b2,PC,0,1,,CS pos: 23-24. AQP-AG. Pr: 0.6509
G3X8T3,G3X8T3,19025,Ctsa,Ctsa,NC,0,1,,CS pos: 41-42. NEA-AP. Pr: 0.8226
P07361,P07361,18406,Orm2,Orm2,PC,0,1,,CS pos: 18-19. LEA-QN. Pr: 0.9691
Q3UEL9,Q3UEL9,331535,Serpina7,Serpina7,,0,1,,CS pos: 28-29. IHC-AP. Pr: 0.7925
P03987,P03987,380795,Ighg3,,PC,0,1,,
A2AQ07,A2AQ07,545486,Tubb1,Tubb1,NC,0,1,,
Q922D8,Q922D8,108156,Mthfd1,Mthfd1,NC,0,1,,
Q9WUB3,Q9WUB3,19309,Pygm,Pygm,,0,1,,
Q8C7G5,Q8C7G5,66113,Apoa5,Apoa5,PC,0,1,,CS pos: 20-21. TQA-RK. Pr: 0.9115
Q62356,Q62356,14314,Fstl1,Fstl1,PC,0,1,,CS pos: 18-19. VHG-EE. Pr: 0.9572
O88200,O88200,20256,Clec11a,Clec11a,PC,0,1,,CS pos: 21-22. GHG-AR. Pr: 0.6521
Q9CZT5,Q9CZT5,246154,Vasn,Vasn,,0,1,,CS pos: 24-25. VQG-CP. Pr: 0.9835
E9QP56,E9QP56,11814,Apoc3,Apoc3,,0,1,,
Q9JHI0,Q9JHI0,58223,Mmp19,Mmp19,PC,0,1,,CS pos: 18-19. VSG-RA. Pr: 0.5892
P70428,P70428,14043,Ext2,Ext2,,0,1,,
Q9Z1R3,Q9Z1R3,55938,Apom,Apom,PC,0,1,,CS pos: 21-22. SMN-QC. Pr: 0.1527
P16056,P16056,17295,Met,Met,,0,1,,CS pos: 24-25. SHG-EC. Pr: 0.9188
Q3UFC6,Q3UFC6,13512,Dsg3,Dsg3,,0,1,,CS pos: 23-24. VQG-EL. Pr: 0.8481
Q9Z2L6,Q9Z2L6,17330,Minpp1,Minpp1,,0,1,,CS pos: 30-31. ARC-SL. Pr: 0.3722
P12382,P12382,18641,Pfkl,Pfkl,,0,1,,
Q8VCN3,Q8VCN3,112417,Ugt2b37,Ugt2b37,,0,1,,CS pos: 23-24. VKC-GK. Pr: 0.6550
P24270,P24270,12359,Cat,Cat,,0,0,,
Q0VBK2,Q0VBK2,74127,Krt80,Krt80,,0,0,,
P21180,P21180,12263,C2,C2,PC,0,0,,CS pos: 18-19. GLA-AL. Pr: 0.7033
Q5SWU9,Q5SWU9,107476,Acaca,Acaca,,0,0,,
P63017,P63017,15481,Hspa8,Hspa8,,0,0,,
P42703-2,P42703,16880,Lifr,Lifr,PC,0,0,,CS pos: 43-44. ANG-LK. Pr: 0.4433
Q91ZX7,Q91ZX7,16971,Lrp1,Lrp1,,0,0,,CS pos: 19-20. VSG-AT. Pr: 0.7616
E9QPD7,E9QPD7,18563,Pcx,Pcx,NC,0,0,,
Q3UZ09,Q3UZ09,232371,C1rl,C1rl,PC,0,0,,
P50446,P50446,16687,Krt6a,Krt6a,,0,0,,
Q3TTY5,Q3TTY5,16681,Krt2,Krt2,,0,0,,
Q6IFZ6,Q6IFZ6,406220,Krt77,Krt77,,0,0,,
Q6NXH9,Q6NXH9,223915,Krt73,Krt73,,0,0,,
P04104,P04104,16678,Krt1,Krt1,,0,0,,
D3Z5G7,D3Z5G7,382044,Ces1b,Ces1b,,0,0,,CS pos: 18-19. IWG-HS. Pr: 0.9228
P63260,P63260,11465,Actg1,Actg1,NC,0,0,,
P68134,P68134,11459,Acta1,Acta1,NC,0,0,,
E9Q557,E9Q557,109620,Dsp,Dsp,NC,0,0,,
Q9QWL7,Q9QWL7,16667,Krt17,Krt17,,0,0,,
Q61781,Q61781,16664,Krt14,Krt14,,0,0,,
Q6IFX2,Q6IFX2,68239,Krt42,Krt42,,0,0,,
Q9Z2K1,Q9Z2K1,16666,Krt16,Krt16,,0,0,,
P02535,P02535,16661,Krt10,Krt10,,0,0,,
P68368,P68368,22145,Tuba4a,Tuba4a,NC,0,0,,
P28653,P28653,12111,Bgn,Bgn,PC,0,0,,CS pos: 16-17. SQA-LP. Pr: 0.8048
Q8VDD5,Q8VDD5,17886,Myh9,Myh9,,0,0,,
P16858,P16858,14433,Gapdh,Gapdh,,0,0,,
Q5I012,Q5I012,72055,Slc38a10,Slc38a10,,0,0,,
Q3UTR7,Q3UTR7,11606,Agt,Agt,,0,0,,CS pos: 29-30. TAG-DR. Pr: 0.6840
Q02566,Q02566,17888,Myh6,Myh6,NC,0,0,,
Q02257,Q02257,16480,Jup,Jup,,0,0,,
P28654,P28654,13179,Dcn,Dcn,PC,0,0,,CS pos: 16-17. SWA-GP. Pr: 0.9586
P52480,P52480,18746,Pkm,Pkm,,0,0,,
G5E8J0,G5E8J0,,,Notch2,,0,0,,
Q8C196,Q8C196,227231,Cps1,Cps1,NC,0,0,,
Q9CWF2,Q9CWF2,73710,Tubb2b,Tubb2b,NC,0,0,,
Q5MJS3,Q5MJS3,80752,Fam20c,Fam20c,PC,0,0,,CS pos: 27-28. IAV-DL. Pr: 0.1511
Q07113,Q07113,16004,Igf2r,Igf2r,,0,0,,CS pos: 35-36. AQA-QA. Pr: 0.6636
Q91XL1,Q91XL1,76905,Lrg1,Lrg1,,0,0,,CS pos: 32-33. VSS-LK. Pr: 0.6203
Q01705,Q01705,18128,Notch1,Notch1,,0,0,,CS pos: 21-22. ARG-LR. Pr: 0.5956
P62827,P62827,19384,Ran,Ran,,0,0,,
Q99K41,Q99K41,100952,Emilin1,Emilin1,PC,0,0,,CS pos: 21-22. TEA-AS. Pr: 0.8063
P10493,P10493,18073,Nid1,Nid1,PC,0,0,,CS pos: 28-29. GGC-LN. Pr: 0.6801
P47878,P47878,16009,Igfbp3,Igfbp3,PC,0,0,,CS pos: 27-28. ARA-GA. Pr: 0.7536
P05366,P05366,20208,Saa1,Saa1,PC,0,0,,CS pos: 19-20. CHG-GF. Pr: 0.9670
P05367,P05367,20209,Saa2,Saa2,PC,0,0,,CS pos: 19-20. CHG-GF. Pr: 0.9660
Q91ZA3,Q91ZA3,110821,Pcca,Pcca,NC,0,0,,
Q02788,Q02788,12834,Col6a2,Col6a2,PC,0,0,,CS pos: 25-26. LHA-QQ. Pr: 0.6927
Q8CBR6,Q8CBR6,244152,Tsku,Tsku,PC,0,0,,CS pos: 17-18. VQT-TR. Pr: 0.8854
E9QPX1,E9QPX1,12822,Col18a1,Col18a1,,0,0,,CS pos: 26-27. ASA-DG. Pr: 0.7904
Q08879-2,Q08879,14114,Fbln1,Fbln1,PC,0,0,,CS pos: 29-30. ANA-DI. Pr: 0.7393
Q769J6,Q769J6,279028,Adamts13,Adamts13,PC,0,0,,
Q8BLY1,Q8BLY1,64075,Smoc1,Smoc1,PC,0,0,,CS pos: 25-26. AGG-HR. Pr: 0.8900
Q3U367,Q3U367,56752,Aldh9a1,Aldh9a1,NC,0,0,,
Q61982,Q61982,18131,Notch3,Notch3,,0,0,,CS pos: 39-40. GAA-AP. Pr: 0.6939
O88325,O88325,27419,Naglu,Naglu,,0,0,,CS pos: 21-22. SVG-DE. Pr: 0.7320
O08538,O08538,11600,Angpt1,Angpt1,PC,0,0,,CS pos: 19-20. IGC-SN. Pr: 0.4439
P62983,P62983,78294,Rps27a,Rps27a,,0,0,,
E9Q0F0,E9Q0F0,332131,Krt78,Krt78,,0,0,,
A0A0A6YYE7,A0A0A6YYE7,,,Igkv4-57,,0,0,,CS pos: 22-23. SRG-QI. Pr: 0.7298
Q04592,Q04592,18552,Pcsk5,Pcsk5,PC,0,0,,CS pos: 34-35. CRT-RV. Pr: 0.4048
Q09200,Q09200,14421,B4galnt1,B4galnt1,,0,0,,CS pos: 25-26. LYS-ST. Pr: 0.1599
P10126,P10126,13627,Eef1a1,Eef1a1,NC,0,0,,
P07356,P07356,12306,Anxa2,Anxa2,PC,0,0,,
G5E8D6,G5E8D6,58859,Efemp2,Efemp2,,0,0,,CS pos: 46-47. ASP-QD. Pr: 0.3335
Q9EPS3,Q9EPS3,93683,Glce,Glce,,0,0,,
P35454,P35454,18429,Oxt,Oxt,,0,0,,CS pos: 19-20. TSA-CY. Pr: 0.7832
Q6S5C2-2,Q6S5C2,214505,Gnptg,Gnptg,PC,0,0,,CS pos: 24-25. AYA-GK. Pr: 0.7385
P10854,P10854,319186,Hist1h2bm,Hist1h2bm,,0,0,,
Q8VI78,Q8VI78,85031,Pla1a,Pla1a,PC,0,0,,CS pos: 25-26. SSG-NV. Pr: 0.5657
P16014,P16014,12653,Chgb,Chgb,PC,0,0,,CS pos: 20-21. VSS-AP. Pr: 0.6768
Q91W90,Q91W90,105245,Txndc5,Txndc5,,0,0,,CS pos: 33-34. ARA-QE. Pr: 0.9153
P47857-3,P47857,18642,Pfkm,Pfkm,NC,0,0,,
Q8K2I4,Q8K2I4,110173,Manba,Manba,,0,0,,CS pos: 19-20. VVA-GP. Pr: 0.8317
P10107,P10107,16952,Anxa1,Anxa1,PC,0,0,,
P09542,P09542,17897,Myl3,Myl3,,0,0,,
Q80W65,Q80W65,100102,Pcsk9,Pcsk9,PC,0,0,,CS pos: 34-35. AGA-QD. Pr: 0.7215
O08742,O08742,14729,Gp5,Gp5,,0,0,,CS pos: 18-19. AQP-FP. Pr: 0.5184
Q62351,Q62351,22042,Tfrc,Tfrc,,0,0,,
A0A075B5R4,A0A075B5R4,,,Ighv14-1,,0,0,,CS pos: 19-20. VNS-EV. Pr: 0.9399
Q6GSS7,Q6GSS7,319192,Hist2h2aa2,Hist2h2aa1,,0,0,,
P17742,P17742,268373,Ppia,Ppia,PC,0,0,,
Q9EPL0,Q9EPL0,217119,Xylt2,Xylt2,PC,0,0,,
Q59IW6,Q59IW6,320712,Abi3bp,Abi3bp,,0,0,,CS pos: 21-22. GNA-QK. Pr: 0.6954
P17182,P17182,433182,Eno1b,Eno1,,0,0,,
P97333,P97333,18186,Nrp1,Nrp1,,0,0,,CS pos: 21-22. AGA-FR. Pr: 0.6902
Q922Q9,Q922Q9,68038,Chid1,Chid1,PC,0,0,,CS pos: 19-20. VHT-TL. Pr: 0.5666
Q9Z126,Q9Z126,56744,Pf4,Pf4,PC,0,0,,CS pos: 29-30. VVA-VT. Pr: 0.3483
F8WID5,F8WID5,,,Tpm1,,0,0,,
P70194,P70194,51811,Clec4f,Clec4f,,0,0,,