accession_number,geneSymbol,signalP,TM,secretion_uniprot
A0A1W2P6U8,4932415D10Rik,NA,NA,NA
F8VQ07,5830473C10Rik,YES,NA,NA
Q19LI2,A1bg,YES,NA,secreted
Q7SIH1,A2M,YES,NA,NA
F1MB32,A2ML1,YES,NA,NA
Q6P542,Abcf1,NA,NA,NA
Q59IW6,Abi3bp,YES,NA,NA
Q5SWU9,Acaca,NA,NA,NA
E9Q4Z2,Acacb,NA,NA,NA
P50544,Acadvl,NA,NA,NA
Q2XU92,Acsbg2,NA,NA,NA
P68134,Acta1,NA,NA,NA
P60710,Actb,NA,NA,NA
Q8BFZ3,Actbl2,NA,NA,NA
P63260,Actg1,NA,NA,NA
Q769J6,Adamts13,NA,NA,secreted
Q7TSK7,Adamtsl2,YES,NA,secreted
G5E8Q8,Adgrf5,YES,YES,NA
Q923X1,Adgrl4,YES,YES,NA
Q60994,Adipoq,YES,NA,secreted
Q3V384,Afg1l,NA,NA,NA
O89020,Afm,YES,NA,secreted
Q3UTR7,Agt,YES,NA,secreted
E9Q616,Ahnak,NA,NA,NA
P29699,Ahsg,YES,NA,secreted
A2AS37,AI182371,YES,NA,NA
Q70FJ1,Akap9,NA,NA,NA
P07724,Alb,YES,NA,secreted
Q3U367,Aldh9a1,NA,NA,NA
E9QNX4,Alpk1,NA,NA,NA
Q07456,Ambp,YES,NA,secreted
P00687,Amy1,YES,NA,secreted
O08538,Angpt1,YES,NA,secreted
Q9R182,Angptl3,YES,NA,secreted
Q8R0Z6,Angptl6,YES,NA,secreted
Q9CR42,Ankrd1,NA,NA,NA
P10107,Anxa1,NA,NA,secreted
D3YTR0,Apc2,NA,NA,NA
P12246,Apcs,YES,NA,secreted
Q00623,Apoa1,YES,NA,secreted
P09813,Apoa2,YES,NA,secreted
P06728,Apoa4,YES,NA,secreted
Q8C7G5,Apoa5,YES,NA,secreted
E9Q414,Apob,YES,NA,secreted
P34928,Apoc1,YES,NA,secreted
Q05020,Apoc2,YES,NA,secreted
E9QP56,Apoc3,NA,NA,secreted
Q61268,Apoc4,YES,NA,secreted
P08226,Apoe,YES,NA,secreted
Q91V80,Apof,YES,NA,secreted
Q01339,Apoh,YES,NA,secreted
Q9Z1R3,Apom,YES,NA,secreted
F6VAN0,Atf6,NA,NA,NA
G3UX19,Atf6b,NA,NA,NA
E9PYT3,Atl3,NA,YES,NA
Q3TYU2,Atp13a5,NA,YES,NA
Q9WU60,Atrn,NA,YES,NA
Q64726,Azgp1,YES,NA,secreted
P01887,B2m,YES,NA,secreted
Q9Z222,B3GNT2,NA,NA,NA
Q3U129,B3gntl1,NA,NA,NA
Q09200,B4galnt1,YES,NA,NA
P15535,B4galt1,NA,NA,secreted
Q8BWP8,B4gat1,NA,NA,NA
Q03311,Bche,YES,NA,secreted
P28653,Bgn,YES,NA,secreted
P98063,Bmp1,YES,NA,secreted
E9PZ26,Brd1,NA,NA,NA
Q8CIF4,Btd,YES,NA,secreted
P98086,C1qa,YES,NA,secreted
P14106,C1qb,YES,NA,secreted
Q02105,C1qc,YES,NA,secreted
D3YZ61,C1qtnf3,YES,NA,secreted
Q8CG16,C1ra,YES,NA,NA
Q3UZ09,C1rl,NA,NA,secreted
E9Q6C2,C1s1,YES,NA,NA
Q8CG14,C1sa,YES,NA,NA
P21180,C2,YES,NA,secreted
A0A0F6QNP7,C3,YES,NA,secreted
P01029,C4b,YES,NA,secreted
P08607,C4bpa,NA,NA,secreted
P06684,C5,YES,NA,secreted
E9Q6D8,C6,YES,NA,NA
D3YXF5,C7,YES,NA,NA
Q8K182,C8a,YES,NA,secreted
Q8BH35,C8b,YES,NA,secreted
Q8VCG4,C8g,YES,NA,secreted
P06683,C9,YES,NA,secreted
P00920,Ca2,NA,NA,NA
P14211,Calr,YES,NA,secreted
O35887,Calu,YES,NA,secreted
Q9ESK3,Capn10,NA,NA,NA
A0A087WQT6,Casp8,NA,NA,NA
Q9WUF3,Casp8ap2,NA,NA,NA
P24270,Cat,NA,NA,NA
E9Q9F7,Ccdc146,NA,NA,NA
Q8BI79,Ccdc40,NA,NA,NA
Q3UHI0-2,Ccser2,NA,NA,NA
Q9QWK4,Cd5l,YES,NA,secreted
Q9Z0M6,Cd97,YES,YES,secreted
P09803,Cdh1,YES,YES,NA
Q9R100,Cdh17,YES,YES,NA
P15116,Cdh2,YES,YES,NA
P55284,Cdh5,YES,YES,NA
Q9R0M0,Celsr2,YES,YES,NA
P49452,Cenpc,NA,NA,NA
A2AQH1,Cerkl,NA,NA,NA
Q8VCC2,Ces1,YES,NA,NA
D3Z5G7,Ces1b,YES,NA,NA
P23953,Ces1c,YES,NA,NA
Q91WU0,Ces1f,YES,NA,NA
Q8QZR3,Ces2a,YES,NA,NA
Q6PDB7,Ces2b,YES,NA,NA
Q91WG0,Ces2c,YES,NA,NA
Q8BK48,Ces2e,YES,NA,NA
E9PV38,Ces2g,YES,NA,NA
Q63880,Ces3a,YES,NA,NA
Q8VCU1,Ces3b,YES,NA,NA
P03953,Cfd,YES,NA,secreted
E9Q8I0,Cfh,YES,NA,secreted
Q61406,Cfhr1,YES,NA,NA
Q4LDF6,Cfhr2,YES,NA,NA
Q61129,Cfi,YES,NA,secreted
P11680,Cfp,YES,NA,secreted
E9QPK1,Cgref1,NA,NA,secreted
E9PYL1,Chd5,NA,NA,NA
Q8BYH8,Chd9,NA,NA,NA
P16014,Chgb,YES,NA,secreted
Q922Q9,Chid1,YES,NA,secreted
K3W4R5,Ckap5,NA,NA,NA
O88200,Clec11a,YES,NA,secreted
P43025,Clec3b,YES,NA,secreted
P70194,Clec4f,NA,NA,NA
Q06890,Clu,YES,NA,secreted
Q9DAU1,Cnpy3,YES,NA,NA
P68500,Cntn5,NA,NA,NA
E9QPX1,Col18a1,YES,NA,secreted
Q04857,Col6a1,YES,NA,secreted
Q02788,Col6a2,YES,NA,secreted
E9PWQ3,Col6a3,YES,NA,NA
A6H584,Col6a5,YES,NA,secreted
Q8CF98,Colec10,YES,NA,secreted
Q3SXB8-2,Colec11,NA,NA,secreted
Q9R0G6,Comp,YES,NA,secreted
O89053,Coro1a,NA,NA,NA
G3X8Q5,Cp,YES,NA,secreted
Q9JHH6,Cpb2,YES,NA,secreted
O89001,Cpd,YES,YES,NA
Q9JJN5,Cpn1,YES,NA,secreted
Q9DBB9,Cpn2,YES,NA,secreted
Q9QXK7,Cpsf3,NA,NA,NA
Q9CYA0,Creld2,YES,NA,NA
P14847,Crp,YES,NA,secreted
P09581,Csf1r,YES,YES,NA
Q80T79,Csmd3,NA,YES,NA
P02662,CSN1S1,YES,NA,NA
P02663,CSN1S2,YES,NA,NA
P02666,CSN2,YES,NA,NA
P02668,CSN3,YES,NA,NA
P12399,Ctla2a,YES,NA,secreted
G3X8T3,Ctsa,YES,NA,NA
P18242,Ctsd,YES,NA,secreted
Q9WUU7,Ctsz,YES,NA,NA
A0A0A6YW72,Dchs2,NA,YES,NA
P28654,Dcn,YES,NA,secreted
B1AZP2,Dlgap4,NA,NA,NA
D3YYQ8,Dnah10,NA,NA,NA
E9Q7N9,Dnah11,NA,NA,NA
A0A140LIJ4,Dnah14,NA,NA,NA
Q91YW3,Dnajc3,YES,NA,NA
S4R1G0,Dnase2a,YES,NA,NA
O55111,Dsg2,YES,NA,NA
Q3UFC6,Dsg3,YES,NA,NA
S4R1P5,Dst,NA,NA,NA
A2BI80,Ebf4,YES,NA,NA
Q61508,Ecm1,YES,NA,secreted
P10126,Eef1a1,NA,NA,NA
P62631,Eef1a2,NA,NA,NA
Q8BPB5,Efemp1,YES,NA,secreted
G5E8D6,Efemp2,YES,NA,secreted
Q01279,Egfr,YES,YES,NA
Q8CB77,Eloa,NA,NA,NA
Q99K41,Emilin1,YES,NA,secreted
Q9R1E6-2,Enpp2,NA,NA,secreted
Q3TQC7,Entpd5,NA,YES,secreted
Q8BGS1-3,Epb41l5,NA,NA,NA
Q9EQH2,Erap1,YES,NA,NA
Q9D1Q6,Erp44,YES,NA,NA
H3BKH6,Esd,NA,NA,NA
P97366,Evi5,NA,NA,NA
P97464,Ext1,NA,NA,NA
P70428,Ext2,NA,NA,NA
Q9ES89,Extl2,NA,NA,NA
P26040,Ezr,NA,NA,NA
Q3U3V1,F10,NA,NA,secreted
Q91Y47,F11,YES,NA,secreted
Q80YC5,F12,YES,NA,secreted
Q8BH61,F13a1,NA,NA,secreted
Q07968,F13b,YES,NA,secreted
P19221,F2,YES,NA,NA
O88783,F5,YES,NA,secreted
P70375,F7,YES,NA,secreted
Q06194,F8,YES,NA,secreted
P16294,F9,YES,NA,secreted
Q3U2I3,Fam160a2,NA,NA,NA
Q5MJS3,Fam20c,YES,NA,secreted
A0A087WRT4,Fat1,YES,YES,NA
Q08879-2,Fbln1,NA,NA,secreted
O70165,Fcn1,YES,NA,secreted
Q9QXC1,Fetub,YES,NA,secreted
E9PV24,Fga,YES,NA,secreted
Q8K0E8,Fgb,YES,NA,secreted
O35622,Fgf15,YES,NA,secreted
Q3UER8,Fgg,YES,NA,secreted
Q71KU9,Fgl1,YES,NA,secreted
P35917,Flt4,YES,YES,NA
A0A087WSN6,Fn1,YES,NA,secreted
Q80T14,Fras1,YES,YES,NA
Q62356,Fstl1,YES,NA,secreted
Q00612,G6pdx,NA,NA,NA
P54818,Galc,YES,NA,NA
Q80VA0-2,Galnt7,NA,NA,NA
Q8BHN3-2,Ganab,NA,NA,NA
P16858,Gapdh,NA,NA,NA
Q61592,Gas6,YES,NA,secreted
Q6DFZ1,Gbf1,NA,NA,NA
P21614,Gc,YES,NA,secreted
Q6T5E4,Gcnt2,NA,NA,NA
E9PUU4,Gemin5,NA,NA,NA
Q9Z0L8,Ggh,YES,NA,secreted
P16882-2,Ghr,NA,NA,secreted
Q9EPS3,Glce,NA,NA,NA
Q02596,Glycam1,YES,NA,NA
P01642,Gm10881,YES,NA,NA
A0A1D5RLM8,Gm11639,NA,NA,NA
B8JJN0,Gm20547,YES,NA,NA
F6R7E8,Gm2663,YES,NA,NA
E9PUM5,Gm4788,YES,NA,NA
P01627,Gm5153,YES,NA,NA
P01639,Gm5571,YES,NA,NA
D3YTY6,Gm6096,NA,NA,NA
A0A0N4SVU1,Gm7298,YES,NA,NA
Q6S5C2-2,Gnptg,NA,NA,secreted
O35930,Gp1ba,YES,YES,NA
O08742,Gp5,YES,YES,NA
P13707,Gpd1,NA,NA,NA
Q8VCU2,Gpld1,YES,NA,secreted
P46412,Gpx3,YES,NA,secreted
Q61627,Grid1,YES,YES,NA
Q3U9N4,Grn,YES,NA,secreted
P13020,Gsn,YES,NA,secreted
P01901,H2-K1,YES,YES,NA
P01898,H2-Q10,YES,NA,NA
Q8HWB2,H2-Q4,YES,NA,NA
P79568,H2-Q6,YES,NA,NA
P0C0S6,H2afz,NA,NA,NA
A2A7A7,H6pd,YES,NA,NA
Q8K0D2,Habp2,YES,NA,secreted
Q9EQ21,Hamp,YES,NA,secreted
Q80T19,Hamp2,YES,NA,secreted
Q91VB8,Hba-a1,NA,NA,NA
P02088,Hbb-b1,NA,NA,NA
P02089,Hbb-b2,NA,NA,NA
A8DUK4,Hbb-bs,NA,NA,NA
Q9Z0Z4,Heph,YES,YES,NA
Q9R098,Hgfac,YES,NA,secreted
P43274,Hist1h1e,NA,NA,NA
P10854,Hist1h2bm,NA,NA,NA
P68433,Hist1h3a,NA,NA,NA
O88569,Hnrnpa2b1,NA,NA,secreted
Q61646,Hp,YES,NA,secreted
E9Q5P0,Hpn,NA,NA,secreted
Q91X72,Hpx,YES,NA,secreted
Q9ESB3,Hrg,YES,NA,secreted
P11499,Hsp90ab1,NA,NA,secreted
P08113,Hsp90b1,YES,NA,NA
Q8BM72,Hspa13,YES,NA,NA
P20029,Hspa5,YES,NA,NA
P63017,Hspa8,NA,NA,NA
A2AFQ0,Huwe1,NA,NA,NA
Q80W93,Hydin,NA,NA,NA
Q9JKR6,Hyou1,YES,NA,NA
Q9DBD0,Ica,YES,NA,secreted
Q9JHJ8-2,Icoslg,NA,NA,NA
Q8VC49,Ifi27l2b,NA,YES,NA
O35664-3,Ifnar2,NA,NA,secreted
Q8CAR0,Igf1,YES,NA,secreted
Q07113,Igf2r,YES,YES,NA
P70389,Igfals,YES,NA,secreted
P47877,Igfbp2,YES,NA,secreted
P47878,Igfbp3,YES,NA,secreted
P47879,Igfbp4,YES,NA,secreted
P47880,Igfbp6,YES,NA,secreted
E9Q5D9,Igfbp7,YES,NA,secreted
A0A0A6YXW6,Igha,NA,NA,NA
A0A1Y7VJX7,Ighe,NA,NA,NA
P01869,Ighg1,NA,YES,secreted
A0A0A6YVP0,Ighg2b,NA,YES,NA
F6TQW2,Ighg2c,NA,YES,NA
P01872,Ighm,NA,NA,secreted
A0A0A6YWI9,Ighv1-11,YES,NA,NA
A0A075B5U0,Ighv1-12,NA,NA,NA
A0A075B5U4,Ighv1-18,YES,NA,NA
A0A075B5U7,Ighv1-22,YES,NA,NA
A0A075B5V5,Ighv1-39,YES,NA,NA
A0A075B5V6,Ighv1-42,NA,NA,NA
A0A075B5V8,Ighv1-47,YES,NA,NA
A0A075B5T5,Ighv1-5,NA,NA,NA
A0A075B5W1,Ighv1-50,YES,NA,NA
A0A075B5W3,Ighv1-53,YES,NA,NA
A0A075B5W6,Ighv1-55,YES,NA,NA
A0A075B680,Ighv1-62-2,NA,NA,NA
A0A075B5T7,Ighv1-7,YES,NA,NA
P01751,Ighv1-72,NA,NA,NA
A0A075B5Y1,Ighv1-74,YES,NA,NA
A0A0B4J1N0,Ighv1-76,NA,NA,NA
A0A0B4J1M0,Ighv1-77,NA,NA,NA
A0A075B674,Ighv1-78,NA,NA,NA
A0A075B5Y3,Ighv1-80,YES,NA,NA
A0A075B5Y4,Ighv1-81,YES,NA,NA
A0A0B4J1J7,Ighv1-82,NA,NA,NA
A0A075B5T9,Ighv1-9,YES,NA,NA
A0A0B4J1J6,Ighv10-1,YES,NA,NA
A0A075B5T6,Ighv10-3,YES,NA,NA
A0A075B5R6,Ighv11-1,YES,NA,NA
A0A087WPN7,Ighv13-2,NA,NA,NA
A0A075B5R4,Ighv14-1,YES,NA,NA
A0A075B5R7,Ighv14-2,YES,NA,NA
A0A075B5R9,Ighv14-3,YES,NA,NA
A0A075B5P8,Ighv2-2,YES,NA,NA
A0A075B5Q3,Ighv2-5,YES,NA,NA
A0A075B5Q5,Ighv2-9,YES,NA,NA
A0A075B697,Ighv2-9-1,YES,NA,NA
A0A075B5R5,Ighv4-1,YES,NA,NA
A0A075B5Q4,Ighv5-12,YES,NA,NA
A0A075B5R0,Ighv5-16,YES,NA,NA
A0A075B5R1,Ighv5-17,YES,NA,NA
A0A075B5P9,Ighv5-4,YES,NA,NA
A0A075B5Q6,Ighv5-9-1,YES,NA,NA
A0A075B5T2,Ighv6-3,YES,NA,NA
A0A075B5T3,Ighv6-6,YES,NA,NA
A0A0A6YWU3,Ighv6-7,YES,NA,NA
A0A075B5S2,Ighv7-1,YES,NA,NA
A0A075B5R2,Ighv7-3,YES,NA,NA
A0A075B5X8,Ighv8-12,NA,NA,NA
A0A0A6YXQ0,Ighv8-8,YES,NA,NA
A0A0B4J1J5,Ighv9-3,YES,NA,NA
A0A075B5S9,Ighv9-4,NA,NA,NA
A0A0B4J1H9,Igkv1-132,YES,NA,NA
A0A0B4J1H8,Igkv1-133,YES,NA,NA
A0A0B4J1H7,Igkv1-135,YES,NA,NA
A0A140T8M2,Igkv12-44,YES,NA,NA
A0A140T8P6,Igkv12-46,YES,NA,NA
A0A075B5L4,Igkv12-89,YES,NA,NA
A0A140T8N3,Igkv13-84,YES,NA,NA
A0A140T8P9,Igkv14-111,YES,NA,NA
A0A075B5K0,Igkv14-126,YES,NA,NA
A0A0B4J1I1,Igkv16-104,YES,NA,NA
A0A075B6D5,Igkv19-93,YES,NA,NA
A0A0B4J1H6,Igkv2-137,YES,NA,NA
A0A075B5N9,Igkv3-7,NA,NA,NA
A0A075B677,Igkv4-53,NA,NA,NA
A0A0B4J1I9,Igkv4-55,YES,NA,NA
A0A0A6YYE7,Igkv4-57,YES,NA,NA
A0A075B5M3,Igkv4-58,NA,NA,NA
A0A0B4J1I8,Igkv4-59,YES,NA,NA
A0A075B5M2,Igkv4-61,NA,NA,NA
A0A075B5M1,Igkv4-63,NA,NA,NA
A0A075B5L7,Igkv4-80,YES,NA,NA
A0A075B5M7,Igkv5-39,NA,NA,NA
A0A075B5N7,Igkv6-13,NA,NA,NA
A0A140T8M5,Igkv6-15,YES,NA,NA
A0A140T8Q3,Igkv6-17,YES,NA,NA
A0A140T8N5,Igkv6-23,YES,NA,NA
A0A140T8N7,Igkv6-25,YES,NA,NA
A0A075B5N6,Igkv8-16,YES,NA,NA
A0A140T8M4,Igkv8-19,NA,NA,NA
A0A140T8P7,Igkv8-21,YES,NA,NA
A0A140T8P5,Igkv8-24,YES,NA,NA
A0A075B5N4,Igkv8-27,NA,NA,NA
A0A075B5N3,Igkv8-28,NA,NA,NA
A0A140T8M3,Igkv8-30,YES,NA,NA
A0A140T8N8,Igkv9-123,YES,NA,NA
A0A075B5K2,Igkv9-124,NA,NA,NA
P01844,Iglc2,NA,NA,NA
P01845,Iglc3,NA,NA,NA
Q61730-2,Il1rap,NA,NA,secreted
P55104,Inhbc,YES,NA,secreted
Q059U7,Intu,NA,NA,NA
Q64339,Isg15,NA,NA,secreted
Q9QUM0,Itga2b,YES,YES,NA
F8WJ05,Itih1,YES,NA,secreted
G3X977,Itih2,YES,NA,secreted
Q61704,Itih3,YES,NA,secreted
A6X935,Itih4,YES,NA,secreted
P01592,Jchain,YES,NA,secreted
Q03717,Kcnb1,NA,YES,NA
Q3U492,Kcp,YES,NA,secreted
Q6ZPY7,Kdm3b,NA,NA,NA
F8VQ75,Kif13a,NA,NA,NA
P26262,Klkb1,YES,NA,secreted
A0A0R4J038,Kng1,YES,NA,secreted
Q6S9I0,Kng2,YES,NA,NA
Q8C3Y4,Kntc1,NA,NA,NA
P02535,Krt10,NA,NA,NA
P08730,Krt13,NA,NA,NA
Q61781,Krt14,NA,NA,NA
O77727,KRT15,NA,NA,NA
Q9Z2K1,Krt16,NA,NA,NA
P19001,Krt19,NA,NA,NA
Q3TTY5,Krt2,NA,NA,NA
Q9R0H5,Krt71,NA,NA,NA
Q6IME9,Krt72,NA,NA,NA
Q6IFZ6,Krt77,NA,NA,NA
Q0VBK2,Krt80,NA,NA,NA
P11627,L1cam,YES,YES,NA
P97927,Lama4,YES,NA,secreted
E9QN70,Lamb1,NA,NA,secreted
P02468,Lamc1,YES,NA,secreted
Q61805,Lbp,YES,NA,secreted
P16301,Lcat,YES,NA,secreted
P00342,Ldhc,NA,NA,NA
P48356,Lepr,YES,YES,secreted
P42703-2,Lifr,NA,NA,secreted
P27656,Lipc,YES,NA,secreted
Q9D0F3,Lman1,YES,YES,NA
Q9DBH5,Lman2,YES,YES,NA
Q2HJF0,LOC525947,YES,NA,NA
Q9DBN5,Lonp2,NA,NA,NA
P97873,Loxl1,YES,NA,secreted
P11152,Lpl,YES,NA,secreted
Q91XL1,Lrg1,YES,NA,NA
Q91ZX7,Lrp1,YES,YES,NA
Q5S006,Lrrk2,NA,NA,NA
Q8CG19,Ltbp1,YES,NA,secreted
Q7TNC4,Luc7l2,NA,NA,NA
P51885,Lum,YES,NA,secreted
P00698,LYZ,YES,NA,NA
Q8CG85,Mamdc2,YES,NA,secreted
P45700,Man1a1,NA,YES,NA
O09159,Man2b1,YES,NA,NA
O54782,Man2b2,YES,NA,secreted
Q8K2I4,Manba,YES,NA,NA
Q8BKH7,Mapkap1,NA,NA,NA
P98064-2,Masp1,NA,NA,secreted
Q91WP0,Masp2,YES,NA,secreted
P39039,Mbl1,YES,NA,secreted
P41317,Mbl2,YES,NA,secreted
Q60805,Mertk,YES,YES,NA
P16056,Met,YES,YES,NA
Q8BI84,Mia3,YES,NA,NA
Q9Z2L6,Minpp1,YES,NA,NA
Q9JHI0,Mmp19,YES,NA,secreted
Q8K3F2,Mmp21,YES,NA,secreted
Q922W6,Mmp3,YES,NA,secreted
B2RPV6,Mmrn1,YES,NA,secreted
A6H6E2,Mmrn2,YES,NA,secreted
Q61884,Mns1,NA,NA,NA
Q80UM7,Mogs,NA,NA,NA
P26928,Mst1,YES,NA,secreted
O08689,Mstn,YES,NA,secreted
Q3UHU5,Mtcl1,NA,NA,NA
Q922D8,Mthfd1,NA,NA,NA
O08601-2,Mttp,NA,NA,NA
A0A140LJ72,Muc16,NA,YES,NA
P28665,Mug1,YES,NA,secreted
P28666,Mug2,YES,NA,secreted
P11589,Mup2,YES,NA,secreted
P10166,Mycl,NA,NA,NA
O08638,Myh11,NA,NA,NA
Q02566,Myh6,NA,NA,NA
Q8VDD5,Myh9,NA,NA,NA
E9QAX2,Myo18a,NA,NA,NA
Q6A037,N4bp1,NA,NA,NA
O88325,Naglu,YES,NA,NA
O09043,Napsa,YES,NA,secreted
F8VQL9,Ncor2,NA,NA,NA
A2AQB2,Neb,NA,NA,NA
Q9CQ45,Nenf,YES,NA,secreted
P10493,Nid1,YES,NA,secreted
Q8R5K4,Nol6,NA,NA,NA
Q9Z0J4-5,Nos1,NA,NA,NA
Q01705,Notch1,YES,NA,NA
G5E8J0,Notch2,NA,NA,NA
Q61982,Notch3,YES,YES,NA
D3Z4E2,Nrn1,NA,YES,NA
P97333,Nrp1,YES,YES,NA
Q02819,Nucb1,YES,NA,secreted
Q8QZR4,Oaf,YES,NA,NA
Q8R357,Olfm1,NA,NA,secreted
Q60590,Orm1,YES,NA,secreted
P07361,Orm2,YES,NA,secreted
P35454,Oxt,YES,NA,NA
Q9ESG6,P2ry14,NA,YES,NA
P09103,P4hb,YES,NA,NA
P97467,Pam,YES,NA,NA
P60335,Pcbp1,NA,NA,NA
Q91ZA3,Pcca,NA,NA,NA
Q99MN9,Pccb,NA,NA,NA
Q91Y21,Pcdha1,YES,YES,NA
Q9QYX7,Pclo,NA,NA,NA
Q04592,Pcsk5,YES,YES,secreted
Q80W65,Pcsk9,YES,NA,secreted
E9QPD7,Pcx,NA,NA,NA
Q9CQF9,Pcyox1,YES,NA,NA
P26618,Pdgfra,YES,YES,NA
P27773,Pdia3,YES,NA,NA
P08003,Pdia4,YES,NA,NA
A2AFG3,Pdzd4,NA,NA,NA
Q69ZS0,Pdzrn3,NA,NA,NA
Q9Z126,Pf4,YES,NA,secreted
P12382,Pfkl,NA,NA,NA
P47857-3,Pfkm,NA,NA,NA
Q8C605,Pfkp,NA,NA,NA
P09411,Pgk1,NA,NA,NA
Q8VCS0,Pglyrp2,YES,NA,secreted
Q9ET66,Pi16,YES,NA,secreted
O70570,Pigr,YES,YES,secreted
E9PZ36,Pkhd1,YES,YES,secreted
E9PUU8,Pkhd1l1,YES,NA,NA
P52480,Pkm,NA,NA,NA
Q8VI78,Pla1a,YES,NA,secreted
Q8C115,Plekhh2,NA,NA,NA
P20918,Plg,YES,NA,secreted
Q9R0E2,Plod1,YES,NA,NA
Q9R0E1,Plod3,YES,NA,secreted
P55065,Pltp,YES,NA,secreted
Q9DC11,Plxdc2,YES,YES,NA
Q8CJH3,Plxnb1,YES,NA,NA
B2RXS4,Plxnb2,YES,NA,NA
Q9CZB2,Pmel,YES,YES,secreted
Q8VHI3,Pofut2,YES,NA,NA
Q8BYB9,Poglut1,YES,NA,NA
P52431,Pold1,NA,NA,NA
P52430,Pon1,YES,NA,secreted
Q62009,Postn,YES,NA,secreted
Q9EQI5,Ppbp,YES,NA,NA
P30412,Ppic,YES,NA,NA
Q61171,Prdx2,NA,NA,NA
O08807,Prdx4,YES,NA,NA
E0CZ58,Prg4,YES,NA,secreted
O08795-2,Prkcsh,NA,NA,NA
P33587,Proc,YES,NA,secreted
Q08761,Pros1,YES,NA,secreted
Q9CQW3,Proz,YES,NA,secreted
Q61207,Psap,YES,NA,secreted
Q9R1P4,Psma1,NA,NA,NA
Q8C2E4,Ptcd1,NA,NA,NA
F8VQD7,Ptprg,NA,NA,NA
P35822,Ptprk,YES,YES,NA
Q9WUB3,Pygm,NA,NA,NA
Q61838,Pzp,YES,NA,secreted
Q8BND5-3,Qsox1,NA,NA,secreted
Q05144,Rac2,NA,NA,NA
P62827,Ran,NA,NA,NA
Q64700,Rbl2,NA,NA,NA
H7BWY6,Rbp4,NA,NA,secreted
Q9Z0J1,Reck,YES,NA,NA
Q60841,Reln,YES,NA,secreted
Q99P87,Retn,YES,NA,secreted
P47911,Rpl6,NA,NA,NA
P62983,Rps27a,NA,NA,NA
P62242,Rps8,NA,NA,NA
E9PZQ0,Ryr1,NA,YES,NA
E9Q401,Ryr2,NA,YES,NA
P05366,Saa1,YES,NA,secreted
P31532,Saa4,YES,NA,secreted
E9PX59,Samd9l,NA,NA,NA
Q7TNB8,Sbno2,NA,NA,NA
Q8CIT9,Sbsn,YES,NA,secreted
Q63836,Selenbp2,NA,NA,NA
P70274,Selenop,YES,NA,secreted
Q62178,Sema4a,YES,YES,NA
Q8R121,Serpina10,YES,NA,secreted
E9QLL8,Serpina11,YES,NA,secreted
A0A0A0MQA3,Serpina1a,NA,NA,secreted
P22599,Serpina1b,YES,NA,secreted
A0A0R4J0X5,Serpina1c,YES,NA,secreted
Q00897,Serpina1d,YES,NA,secreted
Q00898,Serpina1e,YES,NA,secreted
P29621,Serpina3c,YES,NA,secreted
D3Z450,Serpina3i,NA,NA,NA
A0A0R4J0I1,Serpina3k,YES,NA,secreted
Q03734,Serpina3m,YES,NA,secreted
Q91WP6,Serpina3n,YES,NA,secreted
Q06770,Serpina6,YES,NA,secreted
Q3UEL9,Serpina7,YES,NA,secreted
Q9D154,Serpinb1a,NA,NA,secreted
P32261,Serpinc1,YES,NA,secreted
P49182,Serpind1,YES,NA,NA
Q07235,Serpine2,YES,NA,secreted
P97298,Serpinf1,YES,NA,secreted
Q61247,Serpinf2,YES,NA,secreted
P97290,Serping1,YES,NA,secreted
Q9EPK6,Sil1,YES,NA,NA
Q5I012,Slc38a10,NA,YES,NA
Q49B93-2,Slc5a12,NA,NA,NA
Q6P9P0,Slf2,NA,NA,NA
O54988,Slk,NA,NA,NA
Q8BLY1,Smoc1,YES,NA,secreted
Q9CSN1,Snw1,NA,NA,NA
O09164,Sod3,YES,NA,secreted
P40645,Sox6,NA,NA,NA
P07214,Sparc,YES,NA,secreted
P70663,Sparcl1,YES,NA,secreted
Q80VP2,Spata7,NA,NA,NA
Q9R097,Spint1,YES,YES,secreted
Q8VCC9,Spon1,YES,NA,secreted
Q8K1I3,Spp2,YES,NA,secreted
P13609,Srgn,YES,NA,secreted
Q6P069,Sri,NA,NA,NA
Q7TQ48,Srl,YES,NA,NA
P14576,Srp54,NA,NA,NA
A2AVA0,Svep1,YES,NA,secreted
E9Q3E2,Synpo,NA,NA,NA
Q8BYC6,Taok3,NA,NA,NA
O88968,Tcn2,YES,NA,secreted
Q3UHK6-2,Tenm4,NA,NA,NA
Q921I1,Tf,YES,NA,secreted
O54819,Tfpi,YES,NA,secreted
Q62351,Tfrc,NA,YES,NA
P04202,Tgfb1,YES,NA,secreted
P82198,Tgfbi,YES,NA,secreted
Q80YQ1,Thbs1,YES,NA,secreted
Q9Z1T2,Thbs4,YES,NA,secreted
P39876,Timp3,YES,NA,secreted
Q9WVB3,Tle6,NA,NA,NA
B2RQ80,Tnik,NA,NA,NA
O35452,Tnxb,YES,NA,NA
A0A1Y7VLS3,Togaram1,NA,NA,NA
O89023,Tpp1,YES,NA,NA
F6ZDS4,Tpr,NA,NA,NA
Q0KL02-4,Trio,NA,NA,NA
Q792Z1,Try10,YES,NA,NA
Q9QUK9,Try5,YES,NA,NA
Q8CBR6,Tsku,YES,NA,secreted
A4Q9F4,Ttll11,NA,NA,NA
A2ASS6,Ttn,NA,NA,NA
P07309,Ttr,YES,NA,secreted
P05213,Tuba1b,NA,NA,NA
P68368,Tuba4a,NA,NA,NA
A2AQ07,Tubb1,NA,NA,NA
Q9CWF2,Tubb2b,NA,NA,NA
P68372,Tubb4b,NA,NA,NA
P99024,Tubb5,NA,NA,NA
P10639,Txn,NA,NA,secreted
Q91W90,Txndc5,YES,NA,NA
Q02053,Uba1,NA,NA,NA
Q8VCN3,Ugt2b37,YES,YES,NA
Q91X17,Umod,YES,NA,secreted
Q8VCY6,Utp6,NA,NA,NA
Q9CZT5,Vasn,YES,YES,NA
P29533,Vcam1,YES,NA,NA
K7N784,Vmn2r4,YES,YES,NA
Q9QZ25,Vnn3,YES,NA,NA
Q8BX70,Vps13c,NA,NA,NA
P29788,Vtn,YES,NA,secreted
Q3U515,Vwce,YES,NA,secreted
Q3TPE1,Vwf,YES,NA,secreted
Q8CGF6,Wdr47,NA,NA,NA
Q9EPL0,Xylt2,NA,NA,secreted
Q9CQV8,Ywhab,NA,NA,NA
E9QA60,Zfp626,NA,NA,NA
Q8CE64,Znf276,NA,NA,NA