"","geneSymbol","id","adj.P.Val.xBirA.over.NoBirA","AveExpr.xBirA.over.NoBirA","Log.P.Value.xBirA.over.NoBirA","logFC.xBirA.over.NoBirA","P.Value.xBirA.over.NoBirA","t.xBirA.over.NoBirA","Brain_Searched..127.126.127.128.129.130.131..No_BirA_6.multimedian","Brain_Searched..128.126.127.128.129.130.131..No_BirA_5.multimedian","Brain_Searched..131.126.127.128.129.130.131..No_BirA_4.multimedian","Brain_Searched..126.126.127.128.129.130.131..XBirA_2.multimedian","Brain_Searched..129.126.127.128.129.130.131..XBirA_3.multimedian","Brain_Searched..130.126.127.128.129.130.131..XBirA_1.multimedian","id.query","id.mapped","id.concat","accession_number","numColumnsProteinObserved","numSpectraProteinObserved","numPepsUnique","numPepsUniqueSubgroupSpecificCI","accession_numbers","species","protein_mw","percentCoverage","groupNum","subgroupNum","scoreUnique","scoreUniqueSubgroupSpecificCI","orfCategory","sequenceLength","entry_name","cellular_component","biological_process","molecular_function","Brain_Searched.unique_peptides","Brain_Searched.numSpectra","Brain_Searched.totalIntensity","Brain_Searched.pct_cov"
"1","Acan","Q61282",0.009614289,-0.02,31.18012639,0.623333333,0.000762057,5.386302116,-0.135,-0.369,-0.491,0.178,0.298,0.399,"Q61282","Acan","Q61282_Acan","Q61282",1,3,3,3,"Q61282","MOUSE",223534.4,1.1,2757,2757.1,19.58,19.58,NA,2132,"Aggrecan core protein","proteinaceous extracellular matrix|basement membrane|","skeletal system development|cartilage condensation|chondrocyte development|cell adhesion|central nervous system development|proteoglycan biosynthetic process|collagen fibril organization|","protein binding|hyaluronic acid binding|carbohydrate binding|metal ion binding|",3,3,7.36e+08,"1.1%"
"2","Acin1","Q9JIX8",0.025057105,0.028666667,26.2625899,0.51,0.002364509,4.45739575,-0.069,-0.18,-0.43,0.174,0.344,0.333,"Q9JIX8","Acin1","Q9JIX8_Acin1","Q9JIX8",1,26,19,19,"Q9JIX8|Q9JIX8-4|B8JJ91|Q9JIX8-2|B8JJ92|Q9JIX8-3|Q52KR6","MOUSE",151115.7,17.6,529,529.1,227.78,227.78,NA,1338,"Apoptotic chromatin condensation inducer in the nucleus","nucleus|nucleoplasm|nucleolus|cytoplasm|plasma membrane|nuclear speck|ASAP complex|exon-exon junction complex|","positive regulation of defense response to virus by host|mRNA processing|apoptotic process|RNA splicing|regulation of autophagy|erythrocyte differentiation|apoptotic chromosome condensation|regulation of apoptotic process|positive regulation of apoptotic process|positive regulation of monocyte differentiation|negative regulation of mRNA splicing, via spliceosome|activation of mitophagy in response to mitochondrial depolarization|","nucleotide binding|poly(A) RNA binding|",19,26,1.15e+09,"17.6%"
"3","Adam23","Q9R1V7-2",5.43228e-05,-0.202833333,58.53447683,1.390333333,1.40137e-06,13.37443205,-0.782,-1.006,-0.906,0.341,0.549,0.587,"Q9R1V7","Adam23","Q9R1V7-2_Adam23","Q9R1V7-2",1,6,4,4,"Q9R1V7-2|Q9R1V7|Q9R1V7-3|Q9R1V7-4","MOUSE",94276.6,5.4,1986,1986.1,43.3,43.3,NA,829,"Isoform Beta of Disintegrin and metalloproteinase domain-containing protein 23","extracellular region|plasma membrane|integral component of membrane|","proteolysis|cell adhesion|","metalloendopeptidase activity|protein binding|zinc ion binding|",4,6,3.2e+08,"5.4%"
"4","Alyref","O08583",0.01240752,-0.025,29.85369268,0.998,0.001034262,5.185237654,-0.424,-0.564,-0.584,0.211,0.949,0.262,"O08583","Alyref","O08583_Alyref","O08583",1,5,4,4,"O08583|O08583-2|Q9JJW6-2|G3X9I4|Q9JJW6","MOUSE",26939.5,26.2,1826,1826.1,49.94,49.94,NA,255,"THO complex subunit 4","nucleus|spliceosomal complex|cytoplasm|nuclear speck|","mRNA processing|RNA splicing|mRNA transport|","nucleotide binding|single-stranded DNA binding|RNA binding|",4,5,1.6e+08,"26.2%"
"5","Arglu1","Q3UL36",0.122524734,0.045666667,16.97822159,0.432666667,0.02005293,2.926372694,0.068,-0.174,-0.406,0.179,0.483,0.124,"Q3UL36","Arglu1","Q3UL36_Arglu1","Q3UL36",1,9,5,5,"Q3UL36|Q3UL36-2|Q9DAM1","MOUSE",32886.4,13.2,1929,1929.1,45.84,45.84,NA,271,"Arginine and glutamate-rich protein 1","nucleoplasm|mitochondrion|","","",5,9,2.3e+10,"13.2%"
"6","Asphd2","Q80VP9",0.003206193,-0.180833333,36.45892378,0.955666667,0.000226,6.509991573,-0.319,-0.892,-0.765,0.297,0.262,0.332,"Q80VP9","Asphd2","Q80VP9_Asphd2","Q80VP9",1,10,7,7,"Q80VP9","MOUSE",39757.4,32.3,1280,1280.1,91.29,91.29,NA,343,"Aspartate beta-hydroxylase domain-containing protein 2","membrane|integral component of membrane|","peptidyl-amino acid modification|oxidation-reduction process|","metal ion binding|dioxygenase activity|",7,10,1.21e+09,"32.3%"
"7","Atp6ap2","Q9CYN9",6.80644e-05,-0.171,57.17479185,1.358666667,1.91655e-06,12.81733827,-0.776,-0.934,-0.841,0.651,0.542,0.332,"Q9CYN9","Atp6ap2","Q9CYN9_Atp6ap2","Q9CYN9",1,6,4,4,"Q9CYN9","MOUSE",39091.2,15.7,1610,1610.1,61.65,61.65,NA,350,"Renin receptor","external side of plasma membrane|integral component of membrane|neuron projection|cell body|extracellular exosome|","angiotensin maturation|rostrocaudal neural tube patterning|positive regulation of Wnt signaling pathway|positive regulation of transforming growth factor beta1 production|regulation of MAPK cascade|eye pigmentation|head morphogenesis|","aspartic-type endopeptidase activity|receptor activity|enzyme binding|",4,6,3.99e+08,"15.7%"
"8","Baz1b","Q9Z277",0.067639326,0.004166667,20.79417735,0.420333333,0.008328797,3.528029967,-0.042,-0.249,-0.327,0.17,0.399,0.074,"Q9Z277","Baz1b","Q9Z277_Baz1b","Q9Z277",1,3,3,3,"Q9Z277|Q9Z277-2","MOUSE",172302.1,2.3,2423,2423.1,27.26,27.26,NA,1479,"Tyrosine-protein kinase BAZ1B","condensed chromosome|nucleus|pericentric heterochromatin|nuclear replication fork|","heart morphogenesis|double-strand break repair|chromatin assembly or disassembly|chromatin remodeling|transcription, DNA-templated|regulation of transcription, DNA-templated|cellular response to DNA damage stimulus|histone phosphorylation|peptidyl-tyrosine phosphorylation|chromatin-mediated maintenance of transcription|positive regulation of receptor activity|","chromatin binding|protein tyrosine kinase activity|non-membrane spanning protein tyrosine kinase activity|protein binding|ATP binding|zinc ion binding|histone kinase activity|histone binding|lysine-acetylated histone binding|vitamin D receptor activator activity|",3,3,8.63e+08,"2.3%"
"9","Bicd2","Q921C5-2",0.896241032,0.027666667,1.26105898,0.116,0.74798709,0.333393254,0.806,-0.193,-0.704,0.087,0.328,-0.158,"Q921C5","Bicd2","Q921C5-2_Bicd2","Q921C5-2",1,7,3,3,"Q921C5-2|Q921C5|D3Z390|Q921C5-3","MOUSE",97102.1,3.9,2557,2557.1,23.86,23.86,NA,820,"Isoform 2 of Protein bicaudal D homolog 2","cytoplasm|Golgi apparatus|cytoskeleton|plasma membrane|cytoplasmic vesicle|","microtubule-based movement|minus-end-directed organelle transport along microtubule|microtubule anchoring at microtubule organizing center|","protein binding|Rab GTPase binding|",3,7,2.16e+09,"3.9%"
"10","C1qbp","Q8R5L1",0.477626065,-0.266833333,7.355551927,0.369,0.18384203,1.464229352,-0.787,-0.771,0.204,-0.076,-0.147,-0.024,"Q8R5L1","C1qbp","Q8R5L1_C1qbp","Q8R5L1",1,2,2,2,"Q8R5L1|O35658","MOUSE",31366.7,12.5,2608,2608.1,22.7,22.7,NA,279,"Complement component 1 Q subcomponent-binding protein, mitochondrial","extracellular space|nucleus|mitochondrion|mitochondrial matrix|cytosol|cell surface|membrane|","negative regulation of transcription from RNA polymerase II promoter|phosphatidylinositol 3-kinase signaling|regulation of complement activation|negative regulation of interferon-gamma production|negative regulation of interleukin-12 production|negative regulation of MDA-5 signaling pathway|negative regulation of RIG-I signaling pathway|mature ribosome assembly|positive regulation of apoptotic process|positive regulation of cell adhesion|negative regulation of mRNA splicing, via spliceosome|negative regulation of defense response to virus|positive regulation of protein kinase B signaling|positive regulation of neutrophil chemotaxis|positive regulation of substrate adhesion-dependent cell spreading|positive regulation of trophoblast cell migration|positive regulation of dendritic cell chemotaxis|","complement component C1q binding|transcription corepressor activity|protein kinase C binding|hyaluronic acid binding|transcription factor binding|kininogen binding|adrenergic receptor binding|",2,2,1.19e+08,"12.5%"
"11","Chd4","E9QAS5",0.104076392,0.011333333,17.93091199,0.354666667,0.016103074,3.073858238,0.072,-0.247,-0.323,0.161,0.206,0.199,"E9QAS5","Chd4","E9QAS5_Chd4","E9QAS5",1,17,14,9,"E9QAS5|Q6PDQ2|E9QAS4","MOUSE",220170.7,10,834,834.1,152.56,92.3,NA,1922,"Chromodomain-helicase-DNA-binding protein 4","nuclear chromatin|nucleus|nucleoplasm|cytoplasm|centrosome|membrane|NuRD complex|protein complex|","regulation of transcription, DNA-templated|metabolic process|ATP-dependent chromatin remodeling|spindle assembly|","RNA polymerase II repressing transcription factor binding|protein binding|ATP binding|microtubule binding|ATP-dependent helicase activity|transcription factor binding|zinc ion binding|RNA polymerase II core promoter proximal region sequence-specific DNA binding|RNA polymerase II distal enhancer sequence-specific DNA binding|nucleosomal DNA binding|",14,17,1.9e+09,"10.0%"
"12","Chmp1a","Q921W0",0.389726387,0.185833333,8.986477891,0.319666667,0.126285129,1.720362544,0.057,-0.008,0.029,0.431,-0.093,0.699,"Q921W0","Chmp1a","Q921W0_Chmp1a","Q921W0",1,3,3,3,"Q921W0","MOUSE",21664.3,12.7,2291,2291.1,31.56,31.56,NA,196,"Charged multivesicular body protein 1a","condensed nuclear chromosome|ESCRT III complex|early endosome|microtubule organizing center|endomembrane system|nuclear matrix|extracellular exosome|","cell separation after cytokinesis|transcription, DNA-templated|nucleus organization|vacuolar transport|mitotic chromosome condensation|mitotic metaphase plate congression|regulation of centrosome duplication|protein transport|vesicle-mediated transport|gene silencing|negative regulation of transcription by glucose|negative regulation of transcription, DNA-templated|cell division|regulation of mitotic spindle assembly|","protein binding|protein domain specific binding|protein homodimerization activity|",3,3,37600000,"12.7%"
"13","Clgn","P52194",0.000104533,-0.3435,54.73253977,2.255666667,3.36315e-06,12.1764409,-1.05,-1.602,-1.762,0.696,0.699,0.958,"P52194","Clgn","P52194_Clgn","P52194",1,5,4,4,"P52194","MOUSE",69886.2,7.3,2182,2182.1,35.3,35.3,NA,611,"Calmegin","nuclear envelope|endoplasmic reticulum|endoplasmic reticulum membrane|integral component of membrane|","protein folding|protein complex assembly|multicellular organismal development|spermatogenesis|single fertilization|binding of sperm to zona pellucida|cell differentiation|meiotic cell cycle|","calcium ion binding|protein binding|protein binding involved in protein folding|unfolded protein binding|",4,5,2.66e+08,"7.3%"
"14","Col12a1","Q60847",0.064997861,-0.093,21.00863979,0.526,0.007927496,3.562816722,-0.641,-0.238,-0.189,0.314,0.225,-0.029,"Q60847","Col12a1","Q60847_Col12a1","Q60847",1,2,2,2,"Q60847|Q60847-5|E9PX70|Q60847-2|Q60847-3|Q60847-4","MOUSE",341405.9,0.9,2731,2731.1,20.21,20.21,NA,3120,"Collagen alpha-1(XII) chain","proteinaceous extracellular matrix|collagen trimer|extracellular space|extracellular matrix|extracellular exosome|extracellular vesicle|extracellular matrix|","cell adhesion|endodermal cell differentiation|","",2,2,1.04e+08,"0.9%"
"15","Colec12","Q8K4Q8",0.003836867,-0.119666667,35.62532554,0.971333333,0.000273821,6.322645338,-0.907,-0.555,-0.354,0.348,0.217,0.533,"Q8K4Q8","Colec12","Q8K4Q8_Colec12","Q8K4Q8",1,7,5,5,"Q8K4Q8","MOUSE",81873,8.4,2052,2052.1,40.09,40.09,NA,742,"Collectin-12","collagen trimer|integral component of membrane|extracellular exosome|","phagocytosis, recognition|immune response|toll-like receptor 3 signaling pathway|positive regulation of cell adhesion molecule production|","signaling pattern recognition receptor activity|low-density lipoprotein particle binding|carbohydrate binding|metal ion binding|",5,7,79500000,"8.4%"
"16","Cpe","Q00493",0.000813748,-0.072833333,43.44655419,0.691,4.52215e-05,8.250906635,-0.436,-0.422,-0.397,0.368,0.259,0.191,"Q00493","Cpe","Q00493_Cpe","Q00493",1,9,5,5,"Q00493","MOUSE",53654.3,12.6,1747,1747.1,54.12,54.12,NA,476,"Carboxypeptidase E","Golgi apparatus|transport vesicle membrane|extracellular exosome|","cardiac left ventricle morphogenesis|Wnt signaling pathway|insulin processing|protein localization to membrane|","carboxypeptidase activity|metallocarboxypeptidase activity|zinc ion binding|neurexin family protein binding|cell adhesion molecule binding|",5,9,5.21e+08,"12.6%"
"17","Csnk2b","P67871",0.099440532,-0.141666667,18.22845118,0.305333333,0.015036781,3.120250721,-0.324,-0.399,-0.16,-0.064,0.111,-0.014,"P67871","Csnk2b","P67871_Csnk2b","P67871",1,6,5,5,"P67871|G3UXG7|G3UZX4","MOUSE",25284.3,24.6,1775,1775.1,52.39,52.39,NA,215,"Casein kinase II subunit beta","nucleus|cytoplasm|protein kinase CK2 complex|extracellular exosome|plasma membrane|PcG protein complex|","positive regulation of pathway-restricted SMAD protein phosphorylation|Wnt signaling pathway|positive regulation of activin receptor signaling pathway|adiponectin-activated signaling pathway|negative regulation of blood vessel endothelial cell migration|regulation of protein kinase activity|endothelial tube morphogenesis|","chromatin binding|receptor binding|protein binding|transcription factor binding|protein kinase regulator activity|protein domain specific binding|identical protein binding|metal ion binding|",5,6,5.07e+08,"24.6%"
"18","Dctn1","E9Q3M3",0.724508238,0.061333333,3.568160034,0.212,0.439727875,0.81595384,0.57,-0.205,-0.499,0.121,0.395,-0.014,"E9Q3M3","Dctn1","E9Q3M3_Dctn1","E9Q3M3",1,240,75,75,"E9Q3M3|O08788|E9Q586|O08788-2|D3YX34","MOUSE",140443.8,59.6,42,42.1,1075.8,1075.8,NA,1264,"Dynactin subunit 1","kinetochore|spindle pole|centrosome|dynactin complex|microtubule|membrane|cell leading edge|protein complex|retromer complex|","microtubule-based transport|melanosome transport|retrograde transport, endosome to Golgi|","protein binding|dynein binding|",75,240,8.02e+10,"59.6%"
"19","Ddx46","Q569Z5",0.118154283,0.025833333,17.17939865,0.414333333,0.01914521,2.957389666,0.104,-0.207,-0.441,0.234,0.31,0.155,"Q569Z5","Ddx46","Q569Z5_Ddx46","Q569Z5",1,30,19,19,"Q569Z5|F8WHR6|Q569Z5-2","MOUSE",117959.7,21.3,602,602.1,205.97,205.97,NA,1032,"Probable ATP-dependent RNA helicase DDX46","nucleus|Cajal body|nuclear speck|","mRNA splicing, via spliceosome|regulation of gene expression|RNA secondary structure unwinding|","ATP-dependent RNA helicase activity|ATP binding|poly(A) RNA binding|",19,30,4.36e+09,"21.3%"
"20","Dusp10","Q9ESS0",0.76962002,0.3845,3.0087869,0.246333333,0.500174227,0.708387931,0.658,-0.005,0.131,1.141,-0.283,0.665,"Q9ESS0","Dusp10","Q9ESS0_Dusp10","Q9ESS0",1,8,3,3,"Q9ESS0","MOUSE",53329.9,6.6,2388,2388.1,28.27,28.27,NA,483,"Dual specificity protein phosphatase 10","nucleoplasm|Golgi apparatus|","inactivation of MAPK activity|regulation of adaptive immune response|protein dephosphorylation|response to lipopolysaccharide|negative regulation of stress-activated MAPK cascade|peptidyl-tyrosine dephosphorylation|negative regulation of JUN kinase activity|negative regulation of protein kinase activity by regulation of protein phosphorylation|regulation of innate immune response|negative regulation of JNK cascade|oligodendrocyte differentiation|negative regulation of oligodendrocyte differentiation|negative regulation of respiratory burst involved in inflammatory response|regulation of brown fat cell differentiation|","protein tyrosine phosphatase activity|protein tyrosine/serine/threonine phosphatase activity|phosphatase activity|MAP kinase tyrosine/serine/threonine phosphatase activity|MAP kinase phosphatase activity|",3,8,1.24e+09,"6.6%"
"21","Ecel1","Q9JMI0",0.013371404,-0.059333333,29.46824253,0.857333333,0.001130253,5.077648927,-0.653,-0.533,-0.278,0.65,0.416,0.042,"Q9JMI0","Ecel1","Q9JMI0_Ecel1","Q9JMI0",1,3,2,2,"Q9JMI0","MOUSE",88790.6,2.3,2539,2539.1,24.35,24.35,NA,775,"Endothelin-converting enzyme-like 1","intracellular|integral component of plasma membrane|","respiratory system process|proteolysis|neuropeptide signaling pathway|intracellular signal transduction|","metalloendopeptidase activity|metal ion binding|",2,3,77200000,"2.3%"
"22","Eef1d","P57776-3",0.071730073,0.015833333,20.37664402,0.483666667,0.009169288,3.460636899,0.07,-0.308,-0.44,0.145,0.339,0.289,"P57776","Eef1d","P57776-3_Eef1d","P57776-3",1,12,6,6,"P57776-3|A0A0R4J1E2|P57776|Q80T06|Q91VK2|P57776-2|A0A0R4J1L2|D3YY68","MOUSE",73557.7,10.1,1578,1578.1,64.7,64.7,NA,281,"Isoform 3 of Elongation factor 1-delta","nucleus|nucleolus|cytoplasm|eukaryotic translation elongation factor 1 complex|endoplasmic reticulum|","regulation of transcription, DNA-templated|translational elongation|signal transduction|mRNA transcription|regulation of cell death|positive regulation of I-kappaB kinase/NF-kappaB signaling|cellular response to ionizing radiation|","DNA binding|translation elongation factor activity|signal transducer activity|heat shock protein binding|activating transcription factor binding|",6,12,4.99e+08,"10.1%"
"23","Eif2a","Q8BJW6",0.047027579,-0.005833333,22.89837647,0.503,0.005130531,3.874727069,-0.135,-0.316,-0.321,0.159,0.508,0.07,"Q8BJW6","Eif2a","Q8BJW6_Eif2a","Q8BJW6",1,3,3,3,"Q8BJW6|Q8BJW6-2","MOUSE",64915.6,7.5,2474,2474.1,25.8,25.8,NA,581,"Eukaryotic translation initiation factor 2A","extracellular space|cytoplasm|eukaryotic translation initiation factor 2 complex|blood microparticle|","translation|translational initiation|regulation of translation|protein phosphorylation|positive regulation of signal transduction|SREBP signaling pathway|ribosome assembly|","tRNA binding|translation initiation factor activity|ribosome binding|",3,3,24700000,"7.5%"
"24","Elmod1","Q3V1U8",0.042768269,-0.040666667,23.42870808,0.368,0.004540767,3.964122289,-0.348,-0.191,-0.135,0.179,0.059,0.192,"Q3V1U8","Elmod1","Q3V1U8_Elmod1","Q3V1U8",1,2,2,2,"Q3V1U8|E9Q0K9","MOUSE",38604.3,9.5,2425,2425.1,27.19,27.19,NA,326,"ELMO domain-containing protein 1","nucleoplasm|cytoplasm|","regulation of protein stability|positive regulation of GTPase activity|positive regulation of protein targeting to mitochondrion|","GTPase activator activity|",2,2,3.15e+08,"9.5%"
"25","Epdr1","Q99M71",0.005652042,-0.034166667,33.78573186,0.761,0.000418241,5.922793574,-0.193,-0.41,-0.641,0.325,0.468,0.246,"Q99M71","Epdr1","Q99M71_Epdr1","Q99M71",1,6,3,3,"Q99M71|Q99M71-2","MOUSE",25884,13.3,2451,2451.1,26.39,26.39,NA,224,"Mammalian ependymin-related protein 1","lysosome|extracellular exosome|","cell-matrix adhesion|","calcium ion binding|",3,6,3.33e+08,"13.3%"
"26","Fgb","Q8K0E8",0.653784278,0.0595,4.652817103,0.260333333,0.342545518,1.013330739,0.511,-0.359,-0.364,-0.058,0.514,0.113,"Q8K0E8","Fgb","Q8K0E8_Fgb","Q8K0E8",1,24,14,14,"Q8K0E8|F1MAV0|P02676","MOUSE",55436.4,32.2,897,897.1,141.28,141.28,NA,481,"Fibrinogen beta chain","fibrinogen complex|extracellular space|cell cortex|external side of plasma membrane|cell surface|platelet alpha granule|extracellular exosome|blood microparticle|extracellular vesicle|","cell-matrix adhesion|signal transduction|plasminogen activation|positive regulation of heterotypic cell-cell adhesion|fibrinolysis|induction of bacterial agglutination|cellular protein complex assembly|cellular response to leptin stimulus|innate immune response|positive regulation of vasoconstriction|positive regulation of exocytosis|positive regulation of protein secretion|protein polymerization|response to calcium ion|positive regulation of ERK1 and ERK2 cascade|platelet aggregation|cellular response to interleukin-1|blood coagulation, fibrin clot formation|positive regulation of peptide hormone secretion|negative regulation of extrinsic apoptotic signaling pathway via death domain receptors|negative regulation of endothelial cell apoptotic process|","structural molecule activity|protein binding, bridging|chaperone binding|receptor binding|cell adhesion molecule binding|",14,24,1.54e+09,"32.2%"
"27","Galnt13","Q8CF93-2",0.000463263,-0.060333333,46.6395178,1.232,2.16794e-05,9.161961037,-0.609,-0.836,-0.584,0.8,0.345,0.522,"Q8CF93","Galnt13","Q8CF93-2_Galnt13","Q8CF93-2",1,7,5,5,"Q8CF93-2|Q8CF93|O08912","MOUSE",68878.7,6.7,2083,2083.1,39.13,39.13,NA,556,"Isoform 2 of Polypeptide N-acetylgalactosaminyltransferase 13","Golgi membrane|integral component of membrane|","protein O-linked glycosylation|","polypeptide N-acetylgalactosaminyltransferase activity|carbohydrate binding|metal ion binding|",5,7,8.42e+08,"6.7%"
"28","Gpcpd1","Q8C0L9",0.000682625,-0.084666667,44.49392537,1.545333333,3.5531e-05,8.708665866,-0.446,-1.001,-1.125,0.79,0.549,0.725,"Q8C0L9","Gpcpd1","Q8C0L9_Gpcpd1","Q8C0L9",1,5,2,2,"Q8C0L9|Q8C0L9-2|B0R058|Q8C0L9-3","MOUSE",77547.9,3.5,2806,2806.1,18.76,18.76,NA,675,"Glycerophosphocholine phosphodiesterase GPCPD1","cytoplasm|cytosol|","lipid metabolic process|skeletal muscle tissue development|","glycerophosphocholine phosphodiesterase activity|starch binding|",2,5,2.76e+08,"3.5%"
"29","Gramd1a","Q8VEF1",0.000447218,-0.1375,46.84722814,1.055,2.0667e-05,9.224047648,-0.538,-0.901,-0.556,0.426,0.353,0.391,"Q8VEF1","Gramd1a","Q8VEF1_Gramd1a","Q8VEF1",1,10,7,7,"Q8VEF1|Q8VEF1-3|F8WJ74|Q8VEF1-2|A0A087WP91","MOUSE",81382.4,12,1327,1327.1,84.9,84.9,NA,722,"GRAM domain-containing protein 1A","integral component of membrane|","","",7,10,7.44e+08,"12.0%"
"30","Hapln1","Q9QUP5",0.002142421,-0.061666667,38.48885874,0.702666667,0.000141617,6.983251774,-0.356,-0.543,-0.34,0.423,0.235,0.211,"Q9QUP5","Hapln1","Q9QUP5_Hapln1","Q9QUP5",1,8,5,5,"Q9QUP5","MOUSE",41104.7,11.7,1017,1017.2,49.08,49.08,NA,356,"Hyaluronan and proteoglycan link protein 1","proteinaceous extracellular matrix|extracellular matrix|","skeletal system development|cell adhesion|central nervous system development|activation of mitophagy in response to mitochondrial depolarization|","hyaluronic acid binding|",5,8,9.93e+08,"11.7%"
"31","Hist1h1b","P43276",0.009714953,0.01,31.11889497,1,0.000772877,5.440066511,-0.167,-0.46,-0.843,0.345,0.438,0.747,"P43276","Hist1h1b","P43276_Hist1h1b","P43276",1,10,7,5,"P43276","MOUSE",22575.7,30.4,631,631.4,95.36,77.75,NA,223,"Histone H1.5","nucleosome|nucleus|","nucleosome assembly|muscle organ development|","DNA binding|protein binding|",5,10,1.08e+09,"23.7%"
"32","Hist1h1c","P15864",0.000881855,-0.106166667,43.01882937,0.689,4.99019e-05,8.134786568,-0.387,-0.517,-0.448,0.228,0.314,0.173,"P15864","Hist1h1c","P15864_Hist1h1c","P15864",1,8,13,3,"P15864","MOUSE",21266.3,37.2,631,631.3,187.32,35.27,NA,212,"Histone H1.2","nucleosome|nucleus|nuclear euchromatin|transcriptionally active chromatin|","negative regulation of transcription from RNA polymerase II promoter|nucleosome assembly|nucleosome positioning|","DNA binding|protein binding|chromatin DNA binding|poly(A) RNA binding|",3,8,1.76e+09,"15.0%"
"33","Hist1h1d","P43277",0.013261498,-0.041166667,29.51914043,0.501666667,0.001117084,5.061096416,-0.121,-0.421,-0.334,0.187,0.204,0.238,"P43277","Hist1h1d","P43277_Hist1h1d","P43277",1,5,13,2,"P43277","MOUSE",22099.1,35.7,631,631.2,187.45,31.19,NA,221,"Histone H1.3","nucleosome|nuclear chromatin|nuclear euchromatin|","negative regulation of transcription from RNA polymerase II promoter|nucleosome assembly|nucleosome positioning|","DNA binding|protein binding|chromatin DNA binding|poly(A) RNA binding|",2,5,1.19e+09,"9.0%"
"34","Hist1h1e","P43274",0.000327374,-0.081833333,48.48593179,0.983,1.41712e-05,9.726644115,-0.419,-0.668,-0.633,0.317,0.41,0.502,"P43274","Hist1h1e","P43274_Hist1h1e","P43274",1,53,14,5,"P43274|I7HFT9|Q07133","MOUSE",21976.9,36.5,631,631.1,197.53,74.24,NA,219,"Histone H1.4","nucleosome|nucleus|nuclear heterochromatin|extracellular exosome|nucleolus|","negative regulation of transcription from RNA polymerase II promoter|nucleosome assembly|nucleosome positioning|","DNA binding|protein binding|chromatin DNA binding|poly(A) RNA binding|",14,53,4.49e+10,"36.5%"
"35","Hnrnpc","Q9Z204",0.007673228,-0.061333333,32.28965267,0.57,0.000590248,5.610663982,-0.396,-0.352,-0.291,0.072,0.214,0.385,"Q9Z204","Hnrnpc","Q9Z204_Hnrnpc","Q9Z204",1,39,16,15,"Q9Z204|Q9Z204-2|Q9Z204-5|Q9Z204-3|Q9Z204-4","MOUSE",34441.2,43.4,622,622.1,200.32,189.48,NA,313,"Heterogeneous nuclear ribonucleoproteins C1/C2","nuclear chromatin|nucleus|nucleoplasm|spliceosomal complex|cytosol|membrane|protein complex|pronucleus|extracellular exosome|catalytic step 2 spliceosome|","mRNA splicing, via spliceosome|osteoblast differentiation|ATP-dependent chromatin remodeling|3'-UTR-mediated mRNA stabilization|","nucleotide binding|RNA polymerase II core promoter proximal region sequence-specific DNA binding|RNA polymerase II distal enhancer sequence-specific DNA binding|mRNA binding|mRNA 3'-UTR binding|poly(U) RNA binding|nucleosomal DNA binding|identical protein binding|poly(A) RNA binding|N6-methyladenosine-containing RNA binding|",16,39,2.31e+10,"43.4%"
"36","Itih5","Q8BJD1",0.003713145,-0.049166667,35.78550877,0.632333333,0.000263906,6.358339867,-0.199,-0.421,-0.476,0.209,0.267,0.325,"Q8BJD1","Itih5","Q8BJD1_Itih5","Q8BJD1",1,6,5,5,"Q8BJD1","MOUSE",107203.4,4.8,1728,1728.1,54.94,54.94,NA,952,"Inter-alpha-trypsin inhibitor heavy chain H5","extracellular region|","negative regulation of endopeptidase activity|hyaluronan metabolic process|","serine-type endopeptidase inhibitor activity|",5,6,1.39e+08,"4.8%"
"37","Lmnb1","P14733",0.030523175,0.007,25.29441399,0.492,0.002955008,4.285772057,-0.059,-0.353,-0.305,0.162,0.186,0.411,"P14733","Lmnb1","P14733_Lmnb1","P14733",1,33,18,18,"P14733","MOUSE",67012.7,34.6,558,558.1,217.33,217.33,NA,588,"Lamin-B1","nucleus|nuclear envelope|nuclear inner membrane|lamin filament|nucleoplasm|membrane|nuclear matrix|nuclear membrane|","positive regulation of cyclin-dependent protein serine/threonine kinase activity involved in G2/M transition of mitotic cell cycle|positive regulation of JNK cascade|","structural molecule activity|JUN kinase binding|phospholipase binding|",18,33,3.95e+09,"34.6%"
"38","Lrp1b","Q9JI18",2.19254e-05,-0.217333333,64.76949045,1.484,3.33466e-07,16.23077898,-1.086,-0.953,-0.839,0.504,0.513,0.557,"Q9JI18","NotFound","Q9JI18_NotFound","Q9JI18",1,221,107,101,"Q9JI18|A2API5|E9Q202|A0A087WPQ4","MOUSE",533366.2,27.5,19,19.2,1447.77,1382.58,NA,4599,"Low-density lipoprotein receptor-related protein 1B","membrane|integral component of membrane|receptor complex|","receptor-mediated endocytosis|","low-density lipoprotein receptor activity|calcium ion binding|protein binding|low-density lipoprotein particle receptor binding|",101,221,4.13e+10,"26.8%"
"39","Lyst","G5E8Q0",1.05732e-05,-0.337,75.32357572,2.041333333,2.93523e-08,22.43377321,-1.41,-1.36,-1.303,0.72,0.557,0.774,"G5E8Q0","Lyst","G5E8Q0_Lyst","G5E8Q0",1,4,2,2,"G5E8Q0|P97412","MOUSE",430850.7,0.4,2845,2845.1,18.12,18.12,NA,3787,"Lysosomal trafficking regulator, isoform CRA_a","cytosol|endomembrane system|microtubule cytoskeleton|extrinsic component of membrane|","neutrophil mediated immunity|T cell mediated immunity|phospholipid metabolic process|microtubule-based process|lysosome organization|blood coagulation|endosomal transport|leukocyte chemotaxis|melanosome organization|endosome to lysosome transport via multivesicular body sorting pathway|positive regulation of natural killer cell activation|secretion of lysosomal enzymes|mast cell secretory granule organization|natural killer cell mediated cytotoxicity|response to drug|defense response to bacterium|defense response to protozoan|pigmentation|pigment granule organization|defense response to virus|phospholipid homeostasis|","phospholipid binding|",2,4,9.06e+08,"0.4%"
"40","Magohb","A0A023T778",0.055661061,0.014166667,21.89557117,0.553,0.00646313,3.707968241,-0.008,-0.345,-0.434,0.089,0.513,0.27,"A0A023T778","Magohb","A0A023T778_Magohb","A0A023T778",1,5,2,2,"A0A023T778|P61327|Q9CQL1|G3UZW7","MOUSE",17366.6,18.9,2944,2944.1,16.56,16.56,NA,148,"Mago nashi protein","exon-exon junction complex|catalytic step 2 spliceosome|","RNA splicing|","poly(A) RNA binding|",2,5,1.02e+08,"18.9%"
"41","Mcrip1","Q3UGS4",0.042531235,-0.102666667,23.46574791,0.485333333,0.004502204,3.970398214,-0.463,-0.375,-0.198,0.029,0.358,0.033,"Q3UGS4","Mcrip1","Q3UGS4_Mcrip1","Q3UGS4",1,2,2,2,"Q3UGS4","MOUSE",11158.3,22.6,2741,2741.1,20.03,20.03,NA,97,"Mapk-regulated corepressor-interacting protein 1","","","",2,2,30500000,"22.6%"
"42","Mcu","Q3UMR5",0.669963784,0.139833333,4.304203988,0.238333333,0.371175756,0.951278206,-0.056,-0.125,0.243,0.631,-0.351,0.497,"Q3UMR5","Mcu","Q3UMR5_Mcu","Q3UMR5",1,9,5,5,"Q3UMR5|Q3UMR5-2","MOUSE",40023.2,15.4,1510,1510.1,69.54,69.54,NA,350,"Calcium uniporter protein, mitochondrial","mitochondrion|mitochondrial inner membrane|integral component of mitochondrial inner membrane|calcium channel complex|uniplex complex|","mitochondrial calcium ion transport|calcium-mediated signaling|positive regulation of insulin secretion|protein complex oligomerization|calcium ion transmembrane import into mitochondrion|glucose homeostasis|positive regulation of mitochondrial calcium ion concentration|","calcium channel activity|protein binding|uniporter activity|identical protein binding|",5,9,1.11e+09,"15.4%"
"43","Mta2","Q9R190",0.05961211,0.007,21.52183244,0.448666667,0.007043958,3.646545757,-0.143,-0.176,-0.333,0.032,0.453,0.209,"Q9R190","Mta2","Q9R190_Mta2","Q9R190",1,13,10,7,"Q9R190","MOUSE",75770.4,17.6,1076,1076.1,114.33,84.85,NA,668,"Metastasis-associated protein MTA2","histone deacetylase complex|nuclear chromatin|nucleus|nucleoplasm|transcription factor complex|membrane|NuRD complex|protein complex|","negative regulation of transcription from RNA polymerase II promoter|DNA methylation|DNA packaging|chromatin remodeling|regulation of fibroblast migration|histone deacetylation|ATP-dependent chromatin remodeling|negative regulation of transcription, DNA-templated|positive regulation of transcription from RNA polymerase II promoter|","transcription factor binding transcription factor activity|RNA polymerase II transcription factor binding|RNA polymerase II repressing transcription factor binding|sequence-specific DNA binding transcription factor activity|histone deacetylase activity|protein binding|zinc ion binding|transcription regulatory region DNA binding|RNA polymerase II core promoter proximal region sequence-specific DNA binding|RNA polymerase II distal enhancer sequence-specific DNA binding|nucleosomal DNA binding|",10,13,4.34e+10,"17.6%"
"44","Ndufa7","Q9Z1P6",0.415863318,0.192333333,8.519906521,0.414666667,0.140607779,1.647853212,-0.032,-0.166,0.153,0.711,-0.232,0.72,"Q9Z1P6","Ndufa7","Q9Z1P6_Ndufa7","Q9Z1P6",1,4,2,2,"Q9Z1P6","MOUSE",12632.4,17.6,2791,2791.1,18.97,18.97,NA,113,"NADH dehydrogenase [ubiquinone] 1 alpha subcomplex subunit 7","mitochondrion|mitochondrial respiratory chain complex I|mitochondrial ribosome|","mitochondrial translation|ATP synthesis coupled electron transport|","structural constituent of ribosome|NADH dehydrogenase (ubiquinone) activity|",2,4,96600000,"17.6%"
"45","Nptxr","E9PZM8",0.00077212,-0.112833333,43.88535543,0.921666667,4.08756e-05,8.371443073,-0.787,-0.485,-0.449,0.285,0.364,0.395,"E9PZM8","Nptxr","E9PZM8_Nptxr","E9PZM8",1,17,6,6,"E9PZM8|F7BX42|Q99J85|F8VQB8|H3BLN6","MOUSE",52791.2,18,1389,1389.1,79.95,79.95,NA,493,"Neuronal pentraxin receptor","","","",6,17,9.04e+08,"18.0%"
"46","P4htm","Q8BG58",0.000894567,-0.191166667,42.92251566,0.962333333,5.10209e-05,8.108824053,-0.759,-0.835,-0.423,0.305,0.309,0.256,"Q8BG58","P4htm","Q8BG58_P4htm","Q8BG58",1,4,3,3,"Q8BG58","MOUSE",57447.8,7.9,2223,2223.1,33.91,33.91,NA,503,"Transmembrane prolyl 4-hydroxylase","endoplasmic reticulum membrane|integral component of membrane|","regulation of erythrocyte differentiation|oxidation-reduction process|","iron ion binding|oxidoreductase activity, acting on paired donors, with incorporation or reduction of molecular oxygen, 2-oxoglutarate as one donor, and incorporation of one atom each of oxygen into both donors|L-ascorbic acid binding|",3,4,3.22e+08,"7.9%"
"47","Pcdh17","E9PXF0",0.038132369,-0.069833333,24.09779889,0.379666667,0.003892424,4.078159168,-0.386,-0.263,-0.13,0.15,0.133,0.077,"E9PXF0","Pcdh17","E9PXF0_Pcdh17","E9PXF0",1,5,4,4,"E9PXF0","MOUSE",127400.4,5.5,1638,1638.1,60.24,60.24,NA,1157,"Protocadherin 17","plasma membrane|integral component of membrane|","homophilic cell adhesion via plasma membrane adhesion molecules|","calcium ion binding|",4,5,38700000,"5.5%"
"48","Pcdhgc3","Q91X",0.001138002,-0.044166667,41.61535664,0.747666667,6.89389e-05,7.763049808,-0.366,-0.568,-0.32,0.341,0.262,0.386,"Q91X","NotFound","Q91X_NotFound","Q91X",1,4,7,4,"Q91X","MOUSE",101331.8,9.5,847,847.3,75.66,36.2,NA,934,"Protocadherin gamma C3","integral component of plasma membrane|cell-cell junction|membrane|extracellular exosome|","homophilic cell adhesion via plasma membrane adhesion molecules|calcium-dependent cell-cell adhesion via plasma membrane cell adhesion molecules|synapse organization|","calcium ion binding|",4,4,1.25e+08,"5.9%"
"49","Pcsk2","P21661",0.00291366,-0.063833333,36.91062324,0.826333333,0.000203675,6.613177209,-0.278,-0.728,-0.425,0.412,0.272,0.364,"P21661","Pcsk2","P21661_Pcsk2","P21661",1,11,7,7,"P21661","MOUSE",71354.7,14.1,1216,1216.1,97.44,97.44,NA,637,"Neuroendocrine convertase 2","extracellular space|endoplasmic reticulum lumen|membrane|transport vesicle|secretory granule|dendrite|perikaryon|","proteolysis|nervous system development|protein processing|peptide hormone processing|protein autoprocessing|insulin processing|enkephalin processing|islet amyloid polypeptide processing|","endopeptidase activity|serine-type endopeptidase activity|protein complex binding|",7,11,5.64e+08,"14.1%"
"50","Phb","P67778",0.675723702,0.116,4.208287195,0.284666667,0.379464612,0.933991349,-0.062,-0.334,0.317,0.739,-0.441,0.477,"P67778","Phb","P67778_Phb","P67778",1,28,12,12,"P67778","MOUSE",29876.6,58,751,751.1,169.26,169.26,NA,272,"Prohibitin","nucleus|nucleoplasm|cytoplasm|mitochondrion|mitochondrial inner membrane|early endosome|plasma membrane|integral component of plasma membrane|cell surface|membrane|mitochondrial crista|extrinsic component of mitochondrial outer membrane|myelin sheath|extracellular exosome|","negative regulation of transcription from RNA polymerase II promoter|ovarian follicle development|ovarian follicle atresia|osteoblast differentiation|regulation of transcription, DNA-templated|mitochondrion organization|negative regulation of cell proliferation|negative regulation of transcription by competitive promoter binding|histone deacetylation|negative regulation of cell growth|organ regeneration|response to immobilization stress|negative regulation of protein catabolic process|response to drug|negative regulation of apoptotic process|response to peptide hormone|response to ethanol|positive regulation of G-protein coupled receptor protein signaling pathway|negative regulation of transcription, DNA-templated|positive regulation of transcription, DNA-templated|positive regulation of complement activation|protein stabilization|progesterone receptor signaling pathway|negative regulation of androgen receptor signaling pathway|negative regulation of ERK1 and ERK2 cascade|positive regulation of ERK1 and ERK2 cascade|cellular response to interleukin-6|DNA biosynthetic process|negative regulation of glucocorticoid receptor signaling pathway|","sequence-specific DNA binding RNA polymerase II transcription factor activity|complement component C3a binding|complement component C3b binding|protein C-terminus binding|enzyme binding|proteinase activated receptor binding|histone deacetylase binding|transcription regulatory region DNA binding|",12,28,1.04e+10,"58.0%"
"51","Phb2","O35129",0.783149796,0.139166667,2.824290251,0.196333333,0.521880386,0.671846738,-0.081,-0.131,0.335,0.712,-0.463,0.463,"O35129","Phb2","O35129_Phb2","O35129",1,37,20,20,"O35129","MOUSE",33295.8,69.8,520,520.1,230.11,230.11,NA,299,"Prohibitin-2","nucleus|cytoplasm|mitochondrion|mitochondrial outer membrane|mitochondrial inner membrane|cell surface|nuclear matrix|protein complex|extracellular exosome|cell periphery|","protein import into nucleus, translocation|transcription, DNA-templated|mitochondrion organization|sister chromatid cohesion|positive regulation of exit from mitosis|negative regulation of intracellular estrogen receptor signaling pathway|negative regulation of mammary gland epithelial cell proliferation|negative regulation of apoptotic process|negative regulation of sequence-specific DNA binding transcription factor activity|negative regulation of transcription, DNA-templated|protein stabilization|positive regulation of sequence-specific DNA binding transcription factor activity|mammary gland branching involved in thelarche|mammary gland alveolus development|regulation of branching involved in mammary gland duct morphogenesis|positive regulation of ERK1 and ERK2 cascade|positive regulation of cell cycle G1/S phase transition|","protein binding|protein C-terminus binding|amide binding|protein N-terminus binding|",20,37,7.36e+09,"69.8%"
"52","Pigu","Q3TAA8",5.16042e-05,-0.173166667,59.02135645,1.335,1.25275e-06,13.57930615,-0.704,-0.989,-0.829,0.557,0.448,0.478,"Q3TAA8","Pigu","Q3TAA8_Pigu","Q3TAA8",1,4,3,3,"Q3TAA8|Q8K358","MOUSE",50292.9,8.7,1868,1868.1,48.42,48.42,NA,435,"Phosphatidylinositol glycan anchor biosynthesis class U protein","plasma membrane|membrane|GPI-anchor transamidase complex|","GPI anchor biosynthetic process|attachment of GPI anchor to protein|regulation of JAK-STAT cascade|","GPI-anchor transamidase activity|GPI anchor binding|",3,4,3.42e+08,"8.7%"
"53","Ppig","A2AR02",0.047720295,-0.021666667,22.81164716,0.417333333,0.005234019,3.860188629,-0.181,-0.196,-0.314,0.101,0.386,0.074,"A2AR02","Ppig","A2AR02_Ppig","A2AR02",1,9,5,5,"A2AR02","MOUSE",88836.5,8.5,1863,1863.1,48.69,48.69,NA,752,"Peptidyl-prolyl cis-trans isomerase G","nucleoplasm|cytoplasm|nuclear matrix|nuclear speck|","protein peptidyl-prolyl isomerization|protein folding|","peptidyl-prolyl cis-trans isomerase activity|poly(A) RNA binding|",5,9,1.36e+09,"8.5%"
"54","Ppp2r5c","Q60996",0.031332328,-0.090166667,25.15462201,0.564333333,0.003051672,4.261266739,-0.371,-0.559,-0.187,0.05,0.401,0.125,"Q60996","Ppp2r5c","Q60996_Ppp2r5c","Q60996",1,4,5,2,"Q60996|Q60996-4|Q60996-3|Q60996-2","MOUSE",61222.7,11,713,713.2,56.77,21.89,NA,524,"Serine/threonine-protein phosphatase 2A 56 kDa regulatory subunit gamma isoform","protein phosphatase type 2A complex|chromosome, centromeric region|nucleus|","DNA damage response, signal transduction by p53 class mediator resulting in cell cycle arrest|negative regulation of cell proliferation|regulation of protein phosphatase type 2A activity|intrinsic apoptotic signaling pathway in response to DNA damage by p53 class mediator|proteasome-mediated ubiquitin-dependent protein catabolic process|","protein binding|protein phosphatase type 2A regulator activity|",2,4,1.16e+08,"4.0%"
"55","Prelp","Q9JK53",0.001456509,0.057666667,40.42206316,1.040666667,9.07389e-05,7.457791879,-0.552,-0.354,-0.482,0.635,0.29,0.809,"Q9JK53","Prelp","Q9JK53_Prelp","Q9JK53",1,10,5,5,"Q9JK53","MOUSE",43634,11.9,1859,1859.1,48.79,48.79,NA,378,"Prolargin","proteinaceous extracellular matrix|extracellular exosome|extracellular vesicle|extracellular matrix|","cell aging|","extracellular matrix structural constituent|heparin binding|",5,10,2e+09,"11.9%"
"56","Prex2","Q3LAC4",0.062281948,0.030833333,21.25695089,0.384333333,0.00748695,3.603242576,-0.176,-0.185,-0.123,0.214,0.048,0.407,"Q3LAC4","Prex2","Q3LAC4_Prex2","Q3LAC4",1,5,4,4,"Q3LAC4|Q3LAC4-2","MOUSE",184452.9,2.9,2094,2094.1,38.82,38.82,NA,1598,"Phosphatidylinositol 3,4,5-trisphosphate-dependent Rac exchanger 2 protein","intracellular|plasma membrane|","G-protein coupled receptor signaling pathway|adult locomotory behavior|phosphatidylinositol 3-kinase signaling|regulation of Rho protein signal transduction|positive regulation of GTPase activity|dendrite morphogenesis|","GTPase activator activity|Rac guanyl-nucleotide exchange factor activity|",4,5,72600000,"2.9%"
"57","Prr36","E9PV26",0.056004775,-0.093,21.85790975,0.351333333,0.006519421,3.701761317,-0.427,-0.206,-0.173,0.053,0.089,0.106,"E9PV26","Prr36","E9PV26_Prr36","E9PV26",1,5,4,4,"E9PV26","MOUSE",111145.9,5.2,2047,2047.1,40.46,40.46,NA,1098,"Proline-rich 36","","","",4,5,3.08e+09,"5.2%"
"58","Prrc2a","Q7TSC1",0.04055623,-0.001666667,23.76838264,0.424666667,0.004199153,4.021836999,-0.188,-0.132,-0.322,0.039,0.318,0.275,"Q7TSC1","Prrc2a","Q7TSC1_Prrc2a","Q7TSC1",1,13,10,10,"Q7TSC1|G3UX48","MOUSE",229769,7,1222,1222.1,96.92,96.92,NA,2158,"Protein PRRC2A","nucleus|cytoplasm|membrane|intracellular membrane-bounded organelle|extracellular exosome|","","poly(A) RNA binding|",10,13,6.51e+08,"7.0%"
"59","Psip1","Q99JF8",0.064122814,0.030666667,21.08043612,0.552,0.007797518,3.574488861,-0.09,-0.234,-0.412,0.086,0.623,0.211,"Q99JF8","Psip1","Q99JF8_Psip1","Q99JF8",1,23,8,8,"Q99JF8|Q99JF8-2|A2BI12","MOUSE",59809.9,14.7,1278,1278.1,91.39,91.39,NA,528,"PC4 and SFRS1-interacting protein","nucleus|nucleoplasm|nuclear heterochromatin|nuclear periphery|transcriptionally active chromatin|","mRNA 5'-splice site recognition|transcription, DNA-templated|response to oxidative stress|response to heat|positive regulation of transcription from RNA polymerase II promoter|","RNA polymerase II transcription coactivator activity|chromatin binding|activating transcription factor binding|poly(A) RNA binding|supercoiled DNA binding|",8,23,1.33e+10,"14.7%"
"60","Ptn","P63089",0.016911315,-0.165,28.28600468,0.726,0.001483883,4.82745546,-0.863,-0.375,-0.346,0.139,0.332,0.123,"P63089","Ptn","P63089_Ptn","P63089",1,6,3,3,"P63089|Q3UZI5","MOUSE",19439.1,23.8,1815,1815.1,50.38,50.38,NA,168,"Pleiotrophin","proteinaceous extracellular matrix|endoplasmic reticulum|membrane|perinuclear region of cytoplasm|","ossification|liver development|learning|positive regulation of cell-substrate adhesion|positive regulation of neuron projection development|response to activity|spinal cord development|bone mineralization|lung development|hindbrain development|cellular response to platelet-derived growth factor stimulus|response to drug|negative regulation of membrane potential|positive regulation of cell division|retinal rod cell differentiation|long-term synaptic potentiation|cellular response to vitamin D|skeletal muscle acetylcholine-gated channel clustering|cellular response to hypoxia|response to nerve growth factor|positive regulation of hepatocyte proliferation|","growth factor activity|heparin binding|chondroitin sulfate proteoglycan binding|",3,6,3.37e+08,"23.8%"
"61","Ptprn","Q60673",0.002507972,-0.005166667,37.7250562,1.167666667,0.000168847,6.855407923,-0.631,-0.562,-0.574,0.943,0.577,0.216,"Q60673","NotFound","Q60673_NotFound","Q60673",1,4,3,3,"Q60673|A6MDD2","MOUSE",107051.4,3.6,2115,2115.1,37.82,37.82,NA,979,"Receptor-type tyrosine-protein phosphatase-like N","cell|integral component of membrane|","response to reactive oxygen species|protein dephosphorylation|insulin secretion|dense core granule maturation|","protein binding|spectrin binding|protein tyrosine phosphatase activity|",3,4,59900000,"3.6%"
"62","Raly","Q64012",0.024731826,-0.040666667,26.34137881,0.538,0.002321999,4.47151197,-0.161,-0.438,-0.33,0.027,0.293,0.365,"Q64012","Raly","Q64012_Raly","Q64012",1,11,7,7,"Q64012|Q64012-2","MOUSE",33358.5,25,1451,1451.1,74.45,74.45,NA,312,"RNA-binding protein Raly","nucleus|catalytic step 2 spliceosome|","mRNA processing|RNA splicing|","nucleotide binding|poly(A) RNA binding|",7,11,4.84e+08,"25.0%"
"63","Ralyl","Q8BTF8",0.036476288,-0.046,24.35330017,0.426,0.003670033,4.122086078,-0.271,-0.323,-0.183,0.02,0.15,0.331,"Q8BTF8","Ralyl","Q8BTF8_Ralyl","Q8BTF8",1,6,4,4,"Q8BTF8|A0A1D5RMF0","MOUSE",32565.1,10.9,2246,2246.1,33.3,33.3,NA,293,"RNA-binding Raly-like protein","","","nucleotide binding|identical protein binding|poly(A) RNA binding|",4,6,1.94e+08,"10.9%"
"64","Ranbp9","E9Q5D6",0.012852464,-0.094333333,29.68546669,0.512666667,0.001075111,5.093106919,-0.427,-0.45,-0.175,0.133,0.128,0.225,"E9Q5D6","Ranbp9","E9Q5D6_Ranbp9","E9Q5D6",1,10,6,6,"E9Q5D6|P69566|P69566-2","MOUSE",76679.7,12.3,1509,1509.1,69.57,69.57,NA,710,"Ran-binding protein 9","nucleus|cytoplasm|centrosome|","negative regulation of ERK1 and ERK2 cascade|","protein binding|Ran GTPase binding|enzyme binding|",6,10,5.27e+08,"12.3%"
"65","Rbm25","B2RY56",0.01553752,-0.015333333,28.69760959,0.532666667,0.001349706,4.904731168,-0.124,-0.322,-0.399,0.107,0.334,0.312,"B2RY56","Rbm25","B2RY56_Rbm25","B2RY56",1,14,11,11,"B2RY56|S4R2F7|S4R1X9","MOUSE",99892.4,13.8,1090,1090.1,112.13,112.13,NA,838,"RNA-binding protein 25","spliceosomal complex|cytoplasm|nuclear speck|","regulation of alternative mRNA splicing, via spliceosome|mRNA processing|apoptotic process|RNA splicing|regulation of apoptotic process|","nucleotide binding|mRNA binding|",11,14,1.4e+09,"13.8%"
"66","Rbm39","Q8VH51",0.10422269,0.058333333,17.91660951,0.419333333,0.016156194,3.071632338,0.074,-0.132,-0.396,0.218,0.426,0.16,"Q8VH51","Rbm39","Q8VH51_Rbm39","Q8VH51",1,26,12,12,"Q8VH51|Q8VH51-2|E9Q8F0|Q8VH51-3","MOUSE",59690.8,30.3,916,916.1,138.98,138.98,NA,530,"RNA-binding protein 39","nucleus|nucleoplasm|microtubule organizing center|microtubule cytoskeleton|","transcription, DNA-templated|regulation of transcription, DNA-templated|mRNA processing|RNA splicing|","nucleotide binding|transcription coactivator activity|protein binding|poly(A) RNA binding|",12,26,5.27e+09,"30.3%"
"67","Rbmxl1","Q91VM5",0.03928348,0.037666667,23.91914439,0.537333333,0.004055884,4.047570307,0.021,-0.276,-0.438,0.274,0.442,0.203,"Q91VM5","Rbmxl1","Q91VM5_Rbmxl1","Q91VM5",1,61,27,5,"Q91VM5","MOUSE",42160.9,50.2,415,415.1,274.46,42.36,NA,388,"RNA binding motif protein, X-linked-like-1","nucleus|nuclear euchromatin|supraspliceosomal complex|extracellular exosome|catalytic step 2 spliceosome|","regulation of alternative mRNA splicing, via spliceosome|transcription from RNA polymerase II promoter|mRNA processing|membrane protein ectodomain proteolysis|RNA splicing|positive regulation of transcription from RNA polymerase II promoter|negative regulation of mRNA splicing, via spliceosome|positive regulation of mRNA splicing, via spliceosome|protein homooligomerization|cellular response to interleukin-1|","nucleotide binding|core promoter binding|chromatin binding|RNA binding|mRNA binding|protein binding|",27,61,1.23e+10,"50.2%"
"68","Rnf41","Q8BH75",0.049938392,-0.079,22.55680953,0.388,0.005550333,3.817599343,-0.394,-0.257,-0.168,-0.016,0.141,0.22,"Q8BH75","Rnf41","Q8BH75_Rnf41","Q8BH75",1,5,3,3,"Q8BH75","MOUSE",36689.3,12.6,2247,2247.1,33.27,33.27,NA,317,"E3 ubiquitin-protein ligase NRDP1","","protein polyubiquitination|autophagy|negative regulation of cell proliferation|regulation of gene expression|proteasomal protein catabolic process|protein ubiquitination|negative regulation of cell migration|regulation of MAPK cascade|regulation of lymphocyte differentiation|regulation of myeloid cell differentiation|positive regulation of sequence-specific DNA binding transcription factor activity|protein autoubiquitination|regulation of protein kinase B signaling|extrinsic apoptotic signaling pathway|regulation of establishment of cell polarity|regulation of reactive oxygen species metabolic process|positive regulation of reactive oxygen species metabolic process|","ubiquitin-protein transferase activity|erythropoietin receptor binding|interleukin-3 receptor binding|protein binding|zinc ion binding|acid-amino acid ligase activity|Ral GTPase binding|protein tag|ubiquitin protein ligase activity|",3,5,1.41e+08,"12.6%"
"69","Rnps1","Q99M28",0.005548452,-0.038333333,33.90053567,0.744,0.00040733,5.947218035,-0.216,-0.431,-0.584,0.17,0.476,0.355,"Q99M28","Rnps1","Q99M28_Rnps1","Q99M28",1,7,5,5,"Q99M28|Q99M28-2","MOUSE",34207.7,14,1566,1566.1,65.71,65.71,NA,305,"RNA-binding protein with serine-rich domain 1","nucleus|nucleoplasm|cytoplasm|nuclear speck|ASAP complex|","nuclear-transcribed mRNA catabolic process, nonsense-mediated decay|regulation of alternative mRNA splicing, via spliceosome|mRNA processing|RNA splicing|positive regulation of apoptotic process|negative regulation of mRNA splicing, via spliceosome|","nucleotide binding|mRNA 3'-UTR binding|poly(A) RNA binding|",5,7,3.21e+08,"14.0%"
"70","Rpl18","P35980",0.055538631,-0.013166667,21.91642228,0.489666667,0.006432174,3.711406379,-0.196,-0.272,-0.306,0.017,0.513,0.165,"P35980","Rpl18","P35980_Rpl18","P35980",1,21,6,6,"P35980|A0A1B0GQU8|A0A1B0GSF7|A0A1B0GSS8","MOUSE",21701.2,28.7,1369,1369.1,81.29,81.29,NA,188,"60S ribosomal protein L18","nucleus|nucleolus|cytoplasm|focal adhesion|membrane|cytosolic large ribosomal subunit|","translation|","structural constituent of ribosome|",6,21,5.96e+09,"28.7%"
"71","Rpl23a","P62751",0.012343986,-0.006333333,29.89125334,0.609333333,0.001025356,5.13287936,-0.28,-0.289,-0.364,0.071,0.502,0.322,"P62751","Rpl23a","P62751_Rpl23a","P62751",1,38,11,11,"A0A140T8M7|P62751|D3YTY6","MOUSE",17694.7,46.7,833,833.1,152.59,152.59,NA,156,"60S ribosomal protein L23a","nucleus|nucleolus|cytosolic large ribosomal subunit|extracellular exosome|TORC2 complex|","translation|cell proliferation|","nucleotide binding|structural constituent of ribosome|protein binding|rRNA binding|poly(A) RNA binding|",11,38,3.57e+10,"46.7%"
"72","Rpl4","Q9D8E6",0.062508678,0.016166667,21.22008735,0.431,0.00755077,3.59723086,-0.116,-0.229,-0.253,-0.005,0.406,0.294,"Q9D8E6","Rpl4","Q9D8E6_Rpl4","Q9D8E6",1,96,28,28,"Q9D8E6","MOUSE",47438.1,49.4,271,271.1,364.84,364.84,NA,419,"60S ribosomal protein L4","nucleus|nucleolus|cytoplasm|focal adhesion|membrane|cytosolic large ribosomal subunit|ribonucleoprotein complex|extracellular exosome|","translation|","structural constituent of ribosome|protein binding|poly(A) RNA binding|",28,96,3.81e+10,"49.4%"
"73","Rpl6","P47911",0.082192925,0.073666667,19.39444691,0.468,0.011496226,3.303750362,0.001,-0.177,-0.305,0.027,0.472,0.424,"P47911","Rpl6","P47911_Rpl6","P47911",1,33,17,17,"P47911","MOUSE",33566.1,31,674,674.1,186.58,186.58,NA,296,"60S ribosomal protein L6","nucleus|nucleolus|cytoplasm|focal adhesion|membrane|cytosolic large ribosomal subunit|cytoplasmic ribonucleoprotein granule|","translation|","structural constituent of ribosome|poly(A) RNA binding|",17,33,1.68e+10,"31.0%"
"74","Rras2","P62071",0.040556469,-0.071166667,23.72631713,0.471,0.004240024,4.014669829,-0.531,-0.203,-0.186,0.119,0.099,0.275,"P62071","Rras2","P62071_Rras2","P62071",1,5,2,2,"P62071|P10833|A0A1B0GRT5","MOUSE",23627.4,13.7,2241,2241.1,33.41,33.41,NA,204,"Ras-related protein R-Ras2","intracellular|plasma membrane|focal adhesion|membrane|extracellular exosome|","osteoblast differentiation|Ras protein signal transduction|cellular process|positive regulation of cell migration|regulation of neuron death|","protein binding|GTP binding|",2,5,2.72e+08,"13.7%"
"75","Rrbp1","Q99PL5",0.004928979,-0.037666667,34.50207027,0.612666667,0.000354644,6.076328793,-0.227,-0.365,-0.44,0.13,0.357,0.319,"Q99PL5","Rrbp1","Q99PL5_Rrbp1","Q99PL5",1,44,26,26,"Q99PL5|A2AVJ7|Q99PL5-2|Q99PL5-3|Q99PL5-4|Q99PL5-5|Q99PL5-7|Q99PL5-6|Q99PL5-8|Q99PL5-9|Q99PL5-10|Q99PL5-11|Q99PL5-12","MOUSE",173332.6,19,392,392.1,289.05,289.05,NA,1605,"Ribosome-binding protein 1","integral component of endoplasmic reticulum membrane|","signal transduction|protein transport|","protein binding|",26,44,9.21e+09,"19.0%"
"76","Sap18","O55128",0.009542614,-0.062166667,31.22867989,0.569666667,0.000753585,5.39599792,-0.421,-0.249,-0.371,0.052,0.357,0.259,"O55128","Sap18","O55128_Sap18","O55128",1,4,3,3,"E9Q317|O55128|D3YY55|D3Z2N9|D3YY73|Q7TNK4","MOUSE",17651.9,12.4,2448,2448.1,26.55,26.55,NA,153,"Histone deacetylase complex subunit SAP18","nucleoplasm|cytoplasm|nuclear speck|ASAP complex|","chromatin silencing at rDNA|regulation of alternative mRNA splicing, via spliceosome|transcription, DNA-templated|mRNA processing|RNA splicing|positive regulation of apoptotic process|negative regulation of mRNA splicing, via spliceosome|","protein binding|",3,4,7.34e+08,"12.4%"
"77","Sbspon","Q3UPR9",0.090743546,0.076833333,18.83401759,0.427,0.013079714,3.215201803,0.072,-0.299,-0.183,0.44,0.087,0.344,"Q3UPR9","Sbspon","Q3UPR9_Sbspon","Q3UPR9",1,4,4,4,"Q3UPR9","MOUSE",30889.6,19.3,2320,2320.1,30.77,30.77,NA,264,"Somatomedin-B and thrombospondin type-1 domain-containing protein","proteinaceous extracellular matrix|extracellular matrix|","receptor-mediated endocytosis|immune response|","scavenger receptor activity|polysaccharide binding|",4,4,33600000,"19.3%"
"78","Selenon","D3Z2R5",0.001137565,-0.154333333,41.64055607,0.865333333,6.854e-05,7.769601499,-0.596,-0.723,-0.442,0.425,0.263,0.147,"D3Z2R5","Selenon","D3Z2R5_Selenon","D3Z2R5",1,4,4,4,"D3Z2R5","MOUSE",62705.6,12.3,2148,2148.1,36.83,36.83,NA,557,"Selenoprotein N","","respiratory system process|mitochondrion organization|skeletal muscle satellite cell differentiation|positive regulation of skeletal muscle cell proliferation|response to muscle activity involved in regulation of muscle adaptation|multicellular organismal response to stress|cellular response to oxidative stress|skeletal muscle tissue regeneration|lung alveolus development|skeletal muscle fiber development|cellular response to caffeine|","calcium ion binding|",4,4,62100000,"12.3%"
"79","Sfpq","Q8VIJ6",0.081472956,0.031166667,19.4894363,0.453,0.01124751,3.318826361,0.026,-0.269,-0.343,0.119,0.477,0.177,"Q8VIJ6","Sfpq","Q8VIJ6_Sfpq","Q8VIJ6",1,20,14,12,"Q8VIJ6","MOUSE",75554.5,22,654,654.2,143.38,129.66,NA,699,"Splicing factor, proline- and glutamine-rich","chromatin|nucleus|nucleoplasm|cytoplasm|nuclear matrix|paraspeckles|RNA polymerase II transcription factor complex|","negative regulation of transcription from RNA polymerase II promoter|alternative mRNA splicing, via spliceosome|double-strand break repair via homologous recombination|transcription, DNA-templated|cellular response to DNA damage stimulus|regulation of circadian rhythm|negative regulation of circadian rhythm|positive regulation of sister chromatid cohesion|negative regulation of transcription, DNA-templated|rhythmic process|chromosome organization|regulation of cell cycle|histone H3 deacetylation|positive regulation of oxidative stress-induced intrinsic apoptotic signaling pathway|","nucleotide binding|transcription regulatory region sequence-specific DNA binding|RNA polymerase II distal enhancer sequence-specific DNA binding|core promoter binding|chromatin binding|protein binding|histone deacetylase binding|transcription regulatory region DNA binding|poly(A) RNA binding|",12,20,9.28e+09,"20.6%"
"80","Slc39a12","Q5FWH7",5.00804e-05,-0.14,59.35141769,1.322,1.16107e-06,13.71984584,-0.728,-0.9,-0.775,0.459,0.449,0.655,"Q5FWH7","Slc39a12","Q5FWH7_Slc39a12","Q5FWH7",1,9,6,6,"Q5FWH7|Q5FWH7-2","MOUSE",77012.8,10.8,1613,1613.1,61.38,61.38,NA,689,"Zinc transporter ZIP12","plasma membrane|integral component of membrane|perinuclear region of cytoplasm|extracellular vesicle|","signal transduction|regulation of neuron projection development|regulation of microtubule polymerization|zinc II ion transmembrane import|","zinc ion transmembrane transporter activity|",6,9,1.08e+09,"10.8%"
"81","Smchd1","Q6P5D8",0.237754301,0.023333333,12.63469568,0.344666667,0.05451681,2.267937757,0.155,-0.263,-0.339,0.066,0.392,0.129,"Q6P5D8","Smchd1","Q6P5D8_Smchd1","Q6P5D8",1,2,2,2,"Q6P5D8","MOUSE",227640.9,0.8,2607,2607.1,22.71,22.71,NA,2007,"Structural maintenance of chromosomes flexible hinge domain-containing protein 1","Barr body|","dosage compensation by inactivation of X chromosome|chromosome organization|inactivation of X chromosome by DNA methylation|","ATP binding|",2,2,95600000,"0.8%"
"82","Snrpd2","P62317",0.044003182,0.005,23.23388652,0.473333333,0.0047491,3.931182259,-0.071,-0.318,-0.306,0.115,0.446,0.164,"P62317","Snrpd2","P62317_Snrpd2","P62317",1,4,3,3,"P62317","MOUSE",13640.8,29.6,2340,2340.1,29.88,29.88,NA,118,"Small nuclear ribonucleoprotein Sm D2","U1 snRNP|U4 snRNP|U12-type spliceosomal complex|cytosol|methylosome|pICln-Sm protein complex|SMN-Sm protein complex|extracellular exosome|catalytic step 2 spliceosome|","spliceosomal snRNP assembly|","poly(A) RNA binding|",3,4,1.67e+08,"29.6%"
"83","Sparc","P07214",0.000259011,-0.037166667,49.74452818,1.412333333,1.06059e-05,10.12858796,-0.514,-0.913,-0.803,0.691,0.466,0.85,"P07214","Sparc","P07214_Sparc","P07214",1,10,6,6,"A0A1L1SSH9|P07214|Q5NCU4","MOUSE",35305.2,21.5,1654,1654.1,59.21,59.21,NA,302,"SPARC","proteinaceous extracellular matrix|basement membrane|extracellular space|cell surface|nuclear matrix|platelet alpha granule|platelet alpha granule membrane|","negative regulation of endothelial cell proliferation|signal transduction|heart development|response to gravity|response to lead ion|positive regulation of endothelial cell migration|negative regulation of angiogenesis|regulation of cell morphogenesis|lung development|response to lipopolysaccharide|response to L-ascorbic acid|response to cytokine|wound healing|regulation of cell proliferation|response to peptide hormone|response to ethanol|response to cadmium ion|inner ear development|response to glucocorticoid|response to cAMP|response to calcium ion|bone development|cellular response to growth factor stimulus|","calcium ion binding|collagen binding|extracellular matrix binding|",6,10,8.12e+08,"21.5%"
"84","Spock2","Q9ER58",2.15335e-05,-0.210333333,65.35046937,1.682666667,2.91711e-07,16.52439573,-1.184,-0.896,-1.075,0.696,0.541,0.656,"Q9ER58","Spock2","Q9ER58_Spock2","Q9ER58",1,44,18,18,"Q9ER58|F6SLR4","MOUSE",48231.6,46.8,477,477.1,246.63,246.63,NA,423,"Testican-2","proteinaceous extracellular matrix|","signal transduction|positive regulation of cell-substrate adhesion|peptide cross-linking via chondroitin 4-sulfate glycosaminoglycan|extracellular matrix organization|","calcium ion binding|glycosaminoglycan binding|extracellular matrix binding|",18,44,1.13e+10,"46.8%"
"85","Srp72","F8VQC1",0.073027499,-0.011,20.20105153,0.456,0.009547614,3.432423014,-0.246,-0.192,-0.279,0.047,0.516,0.088,"F8VQC1","Srp72","F8VQC1_Srp72","F8VQC1",1,28,15,15,"F8VQC1|E9Q740","MOUSE",75226.4,34.1,594,594.1,207.97,207.97,NA,671,"Signal recognition particle subunit SRP72","nucleolus|cytoplasm|endoplasmic reticulum|signal recognition particle, endoplasmic reticulum targeting|plasma membrane|","SRP-dependent cotranslational protein targeting to membrane|response to drug|","signal recognition particle binding|7S RNA binding|poly(A) RNA binding|",15,28,1.53e+09,"34.1%"
"86","Srsf1","H7BX95",0.180101455,0.072833333,14.42057763,0.411,0.03613618,2.536760676,0.111,-0.288,-0.221,0.237,0.567,0.031,"H7BX95","NotFound","H7BX95_NotFound","H7BX95",1,44,15,15,"H7BX95|Q6PDM2|Q6PDM2-2|Q6PDM2-3","MOUSE",28442.8,46.2,574,574.1,213.75,213.75,NA,253,"Serine/arginine-rich-splicing factor 1","nucleus|nucleoplasm|nuclear speck|extracellular exosome|catalytic step 2 spliceosome|exon-exon junction complex|","mRNA 5'-splice site recognition|in utero embryonic development|regulation of transcription, DNA-templated|regulation of translation|RNA splicing|regulation of mRNA stability|regulation of mRNA splicing, via spliceosome|cardiac muscle contraction|","nucleotide binding|RNA binding|mRNA binding|poly(A) RNA binding|RS domain binding|",15,44,1.13e+10,"46.2%"
"87","Srsf11","E9Q6E5",0.027079728,0.018833333,25.89371435,0.526333333,0.002574119,4.391609152,-0.152,-0.339,-0.242,0.184,0.517,0.145,"E9Q6E5","Srsf11","E9Q6E5_Srsf11","E9Q6E5",1,7,2,2,"E9Q6E5|Q3UIX4","MOUSE",56811.1,4.8,2249,2249.1,33.21,33.21,NA,511,"Serine/arginine-rich-splicing factor 11","nucleoplasm|","","nucleotide binding|poly(A) RNA binding|",2,7,8.45e+08,"4.8%"
"88","Srsf2","Q62093",0.095552473,0.054166667,18.47793456,0.493666667,0.014197326,3.159280684,-0.029,-0.273,-0.276,0.239,0.624,0.04,"Q62093","Srsf2","Q62093_Srsf2","Q62093",1,23,5,5,"Q62093","MOUSE",25475.9,21.7,1448,1448.1,74.68,74.68,NA,221,"Serine/arginine-rich splicing factor 2","nucleus|nucleoplasm|spliceosomal complex|cytoplasm|nuclear speck|extracellular exosome|","regulation of alternative mRNA splicing, via spliceosome|mRNA processing|RNA splicing|","nucleotide binding|protein binding|pre-mRNA binding|poly(A) RNA binding|",5,23,7.05e+09,"21.7%"
"89","Srsf6","Q3TWW8",0.183768349,0.013,14.29572795,0.388,0.037190088,2.5179146,0.074,-0.286,-0.331,0.066,0.478,0.077,"Q3TWW8","Srsf6","Q3TWW8_Srsf6","Q3TWW8",1,7,8,5,"Q3TWW8","MOUSE",39138.7,18.5,841,841.2,79.82,48.91,NA,339,"Serine/arginine-rich splicing factor 6","nucleoplasm|nuclear speck|","alternative mRNA splicing, via spliceosome|regulation of alternative mRNA splicing, via spliceosome|mRNA splice site selection|regulation of keratinocyte proliferation|negative regulation of keratinocyte differentiation|negative regulation of mRNA splicing, via spliceosome|positive regulation of epithelial cell proliferation involved in lung morphogenesis|negative regulation of cell death|regulation of wound healing|","nucleotide binding|RNA binding|pre-mRNA binding|poly(A) RNA binding|",5,7,1.16e+09,"15.9%"
"90","Sulf1","Q8K007",5.43681e-05,-0.195166667,58.44312066,1.886333333,1.43116e-06,13.33631111,-1.092,-1.297,-1.026,0.704,0.522,1.018,"Q8K007","Sulf1","Q8K007_Sulf1","Q8K007",1,4,4,4,"Q8K007|A0A0R4J2D2","MOUSE",102233.1,4.5,2159,2159.1,36.38,36.38,NA,870,"Extracellular sulfatase Sulf-1","extracellular space|endoplasmic reticulum|Golgi apparatus|Golgi stack|plasma membrane|cell surface|membrane raft|","cartilage condensation|kidney development|negative regulation of endothelial cell proliferation|chondrocyte development|glomerular filtration|sulfur compound metabolic process|apoptotic process|cell adhesion|positive regulation of vascular endothelial growth factor production|esophagus smooth muscle contraction|negative regulation of angiogenesis|positive regulation of Wnt signaling pathway|heparan sulfate proteoglycan metabolic process|negative regulation of cell migration|positive regulation of BMP signaling pathway|glomerular basement membrane development|glial cell-derived neurotrophic factor receptor signaling pathway|limb joint morphogenesis|regulation of fibroblast growth factor receptor signaling pathway|negative regulation of fibroblast growth factor receptor signaling pathway|vascular endothelial growth factor receptor signaling pathway|positive regulation of smooth muscle cell proliferation|embryonic skeletal system development|cartilage development|bone development|innervation|negative regulation of prostatic bud formation|","arylsulfatase activity|calcium ion binding|N-acetylglucosamine-6-sulfatase activity|",4,4,8.3e+07,"4.5%"
"91","Tmx4","Q8C0L0",3.04232e-05,-0.218666667,62.6536497,1.269333333,5.42794e-07,15.20272453,-0.78,-0.873,-0.907,0.36,0.482,0.406,"Q8C0L0","Tmx4","Q8C0L0_Tmx4","Q8C0L0",1,7,5,5,"Q8C0L0|A2ARI0","MOUSE",37530,18.2,1500,1500.1,70.96,70.96,NA,335,"Thioredoxin-related transmembrane protein 4","cell|integral component of membrane|","protein folding|response to endoplasmic reticulum stress|cell redox homeostasis|oxidation-reduction process|","protein disulfide isomerase activity|",5,7,1.25e+09,"18.2%"
"92","Tp53bp1","P70399",0.015430828,-0.091833333,28.75687868,0.616333333,0.001331411,4.915916435,-0.196,-0.584,-0.42,0.127,0.381,0.141,"P70399","Trp53bp1","P70399_Trp53bp1","P70399",1,2,2,2,"P70399|P70399-5|A2AU90|P70399-6","MOUSE",214899.4,1.4,2406,2406.1,27.73,27.73,NA,1969,"TP53-binding protein 1","kinetochore|condensed chromosome kinetochore|nuclear chromosome, telomeric region|nucleus|nucleoplasm|replication fork|cytoplasm|chromosome, telomeric region|","DNA repair|transcription, DNA-templated|regulation of transcription, DNA-templated|cellular response to DNA damage stimulus|positive regulation of transcription from RNA polymerase II promoter|","RNA polymerase II activating transcription factor binding|RNA polymerase II transcription cofactor activity|p53 binding|damaged DNA binding|protein binding|transcription factor binding|methylated histone binding|telomeric DNA binding|sequence-specific DNA binding|",2,2,8650000,"1.4%"
"93","Tra2b","P62996",0.057577361,0.046333333,21.72674452,0.47,0.006719323,3.680174806,0.039,-0.241,-0.364,0.163,0.433,0.248,"P62996","Tra2b","P62996_Tra2b","P62996",1,22,9,8,"P62996|F8WJG3|A0A0R4J1X8|P62996-2","MOUSE",33779.2,35.4,1273,1273.1,92.06,78.55,NA,288,"Transformer-2 protein homolog beta","nucleus|","regulation of alternative mRNA splicing, via spliceosome|mRNA splicing, via spliceosome|cerebral cortex regionalization|positive regulation of mRNA splicing, via spliceosome|","nucleotide binding|mRNA binding|poly(A) RNA binding|",9,22,2.03e+09,"35.4%"
"94","U2af1","Q9D883",0.168660344,0.042,14.91539297,0.386,0.032244875,2.61157556,0.102,-0.127,-0.428,0.129,0.408,0.168,"Q9D883","U2af1","Q9D883_U2af1","Q9D883",1,14,8,5,"Q9D883|G3UW94|Q8BGJ9-3|F8WH71|Q8BGJ9-4|E9Q809|E9PWM2|E9PWX6","MOUSE",28328,41.8,1053,1053.1,116.96,79.28,NA,239,"Splicing factor U2AF 35 kDa subunit","spliceosomal complex|nuclear speck|","mRNA processing|RNA splicing|","nucleotide binding|RNA binding|protein binding|metal ion binding|RS domain binding|",8,14,2.78e+09,"41.8%"
"95","U2af2","P26369",0.102586307,0.0155,18.04308018,0.411666667,0.015692494,3.091328098,0.059,-0.262,-0.368,0.185,0.379,0.1,"P26369","U2af2","P26369_U2af2","P26369",1,11,5,5,"P26369|Q80XR5|Q3KQM4","MOUSE",53858.4,18.5,1463,1463.1,73.67,73.67,NA,475,"Splicing factor U2AF 65 kDa subunit","nucleoplasm|spliceosomal complex|nuclear speck|Prp19 complex|","mRNA processing|RNA splicing|positive regulation of RNA splicing|negative regulation of mRNA splicing, via spliceosome|regulation of mitochondrion degradation|positive regulation of protein targeting to mitochondrion|","nucleotide binding|protein binding|enzyme binding|poly(A) RNA binding|C2H2 zinc finger domain binding|",5,11,3.66e+09,"18.5%"
"96","Washc2","Q6PGL7",0.027788508,-0.099333333,25.7283797,0.433333333,0.002674004,4.362283027,-0.293,-0.459,-0.196,0.039,0.107,0.206,"Q6PGL7","Washc2","Q6PGL7_Washc2","Q6PGL7",1,2,2,2,"Q6PGL7|Q6PGL7-2","MOUSE",145422.2,2.9,2141,2141.1,37.04,37.04,NA,1334,"WASH complex subunit 2","endosome|early endosome|plasma membrane|early endosome membrane|WASH complex|retromer complex|","protein transport|retrograde transport, endosome to Golgi|","phosphatidylinositol-4,5-bisphosphate binding|phosphatidylinositol-3,4,5-trisphosphate binding|phosphatidylinositol-5-phosphate binding|phosphatidylinositol-3-phosphate binding|phosphatidylinositol-3,4-bisphosphate binding|phosphatidylinositol-4-phosphate binding|phosphatidylinositol-3,5-bisphosphate binding|",2,2,7130000,"2.9%"
"97","Wfikkn2","Q7TQN3",0.000627114,-0.0175,44.9104007,2.055666667,3.2282e-05,8.830767879,-1.295,-0.96,-0.881,1.19,0.472,1.369,"Q7TQN3","Wfikkn2","Q7TQN3_Wfikkn2","Q7TQN3",1,5,3,3,"Q7TQN3","MOUSE",65557.4,5.6,2219,2219.1,34.07,34.07,NA,571,"WAP, Kazal, immunoglobulin, Kunitz and NTR domain-containing protein 2","extracellular region|","skeletal system development|transforming growth factor beta receptor signaling pathway|negative regulation of endopeptidase activity|negative regulation of protein binding|negative regulation of DNA binding|muscle fiber development|palate development|","serine-type endopeptidase inhibitor activity|protein binding|metalloendopeptidase inhibitor activity|",3,5,2.63e+08,"5.6%"
